Kingdom,Phylum,Class,Order,Family,Genus,Species,Taxon,Taxon rank,Revised scientific name,Division,Growth Form,Division,Growth form,In GBIF,In SA,Comments,Scientific Name and Authority
,,,,,Achnanthes,,Achnanthes,Genus,,Bacillariophyta - diatoms,Unicellular,,,Yes,Yes,,
,,,,,Achnanthes,abundans,Achnanthes abundans,Species,,Bacillariophyta - diatoms,Unicellular,,,Yes,Unknown,No coordinates in GBIF,
,,,,,Achnanthes,crassa,Achnanthes crassa,Species,,Bacillariophyta - diatoms,Unicellular,,,Yes,Unknown,No coordinates in GBIF,
Chromista,Ochrophyta,Bacillariophyceae,Achnanthales,Achnanthaceae,Achnanthes,linearoides,Achnanthes linearoides,Species,,Bacillariophyta - diatoms,Unicellular,,,No,,,
,,,,,Achnanthes,oblongella,Achnanthes oblongella,Species,,Bacillariophyta - diatoms,Unicellular,,,Yes,No,,
Chromista,Ochrophyta,Bacillariophyceae,Achnanthales,Achnanthaceae,Achnanthes,standerii,Achnanthes standerii,Species,,Bacillariophyta - diatoms,Unicellular,,,No,,,
,,,,,Achnanthes,subaffinis,Achnanthes subaffinis,Species,,Bacillariophyta - diatoms,Unicellular,,,Yes,Unknown,No coordinates in GBIF,
,,,,,Achnanthes,swazi,Achnanthes swazi,Species,,Bacillariophyta - diatoms,Unicellular,,,Yes,Unknown,No coordinates in GBIF,
,,,,,Achnanthidium,,Achnanthidium,Genus,,,,,,Yes,Yes,,
,,,,,Achnanthidium,affine,Achnanthidium affine,Species,,,,,,Yes,No,,
,,,,,Achnanthidium,biasolettianum,Achnanthidium biasolettianum,Species,,,,,,Yes,No,New Zealand,
,,,,,Achnanthidium,catenatum,Achnanthidium catenatum,Species,,,,,,Yes,No,Various,
,,,,,Achnanthidium,eutrophilum,Achnanthidium eutrophilum,Species,,,,,,Yes,No,Europe,
,,,,,Achnanthidium,exiguum,Achnanthidium exiguum,Species,,,,,,Yes,No,Various,
,,,,,Achnanthidium,macrocephalum,Achnanthidium macrocephalum,Species,,,,,,Yes,No,New Zealand and Europe,
,,,,,Achnanthidium,minutissimum,Achnanthidium minutissimum,Species,,,,,,Yes,No,Various,
Chromista,Ochrophyta,Bacillariophyceae,Achnanthales,Achnanthidiaceae,Achnanthidium,oblongella,Achnanthidium oblongella,Species,,,,,,No,,,
,,,,,Achnanthidium,saprophilum,Achnanthidium saprophilum,Species,,,,,,Yes,No,Europe and Brazil,
,,,,,Achnanthidium,straubianum,Achnanthidium straubianum,Species,,,,,,Yes,No,Europe,
,,,,,Actinotaenium ,,Actinotaenium  ,Genus,,,,,,Yes,No,Various,
,,,,,Adlafia ,,Adlafia  ,Genus,,,,,,Yes,No,,
,,,,,Adlafia,bryophila,Adlafia bryophila,Species,,,,,,Yes,No,,
,,,,,Ammatoidea ,,Ammatoidea  ,Genus,,,,,,Yes,No,,
,,,,,Amphora,,Amphora,Genus,,,,,,Yes,No,France,
,,,,,Amphora,coffeaeformis,Amphora coffeaeformis,Species,,,,,,Yes,No,Various,
,,,,,Amphora,copulata,Amphora copulata,Species,,,,,,Yes,No,,
,,,,,Amphora,fontinalis,Amphora fontinalis,Species,,,,,,Yes,No,,
,,,,,Amphora,inariensis,Amphora inariensis,Species,,,,,,Yes,No,,
,,,,,Amphora,montana,Amphora montana,Species,,,,,,Yes,No,,
,,,,,Amphora                                         ,normanii,Amphora normanii,Species,,,,,,Yes,No,,
,,,,,Amphora,normannii,Amphora normannii,Species,,,,,,Yes,No,,
,,,,,Amphora,ovalis,Amphora ovalis,Species,,,,,,Yes,No,,
,,,,,Amphora,pediculus,Amphora pediculus,Species,,,,,,Yes,No,,
,,,,,Amphora,pediculus,Amphora pediculus,Species,,,,,,Yes,No,,
,,,,,Amphora,strigosa,Amphora strigosa,Species,,,,,,Yes,No,,
,,,,,Amphora,veneta,Amphora veneta,Species,,,,,,Yes,No,,
,,,,,Amphora                                           ,veneta,Amphora veneta,Species,,,,,,Yes,No,,
,,,,,Anabaena,,Anabaena ,Genus,,,,,,Yes,Unknown,No coordinates in GBIF,
,,,,,Anabaena,flos-aqua,Anabaena flos-aqua,Species,,,,,,Yes,No,,
Bacteria,Cyanobacteria,Cyanophyceae,Nostocales,Nostocaceae,Anabaena,granulata,Anabaena granulata,Species,,,,,,No,,,
,,,,,Ankistrodesmus,,Ankistrodesmus ,Genus,,,,,,Yes,No,,
,,,,,Apatococcus,,Apatococcus ,Genus,,,,,,Yes,Yes,Seems like a marine spp,
,,,,,Aphanocapsa,,Aphanocapsa,Genus,,,,,,Yes,No,West Africa,
,,,,,Aphanothece,,Aphanothece ,Genus,,,,,,Yes,No,,
,,,,,Asterionella,,Asterionella ,Genus,,,,,,Yes,Yes,,
,,,,,Asterionella,formosa,Asterionella formosa,Species,,Bacillariophyta - diatoms,,,,Yes,No,,
,,,,,Audouinella,,Audouinella ,Genus,,,Unicellular,,,Yes,Yes,,
,,,,,Aulacoseira,  ,Aulacoseira   ,Genus,,,,,,Yes,Yes,,
,,,,,Aulacoseira,granulata var. angustissima,Aulacoseira granulata var. angustissima,Species,,,,,,Yes,No,,
,,,,,Aulacoseira,granulata,Aulacoseira granulata,Species,,,,,,Yes,No,,
Chromista,Ochrophyta,Bacillariophyceae,Aulacosirales,Aulacosiraceae,Aulacoseira,subartica f. subborealis,Aulacoseira subartica f. subborealis,Species,,,,,,No,,,
,,,,,Bacillaria,paradoxa,Bacillaria paradoxa,Species,,,,,,Yes,No,,
,,,,,Batrachospermum,  ,Batrachospermum   ,Genus,,,,,,Yes,Yes,,
,,,,,Brachysira,,Brachysira ,Genus,,,,,,Yes,No,,
,,,,,Brachysira,brebissonii,Brachysira brebissonii,Species,,,,,,Yes,No,,
,,,,,Brachysira ,neoexillis,Brachysira neoxilis,Species,,,,,,Yes,Unknown,No coordinates in GBIF,
,,,,,Brachysira,wygaschii,Brachysira wygaschii,Species,,,,,,Yes,No,,
,,,,,Brachysira,zellensis,Brachysira zellensis,Species,,,,,,Yes,Unknown,No coordinates in GBIF,
,,,,,Bulbochaete,,Bulbochaete ,Genus,,,,,,Yes,No,,
,,,,,Caloneis,,Caloneis,Genus,,,,,,Yes,Yes,,
,,,,,Caloneis,bacillum,Caloneis bacillum,Species,,,,,,Yes,No,,
,,,,,Caloneis,molaris,Caloneis molaris,Species,,,,,,Yes,No,,
,,,,,Calothrix ,,Calothrix  ,Genus,,,,,,Yes,Yes,,
Bacteria,Cyanobacteria,Cyanophyceae,Nostocales,Rivulariaceae,Calothrix ,inserta,Calothrix inserta,Species,,,,,,No,,,
,,,,,Capartogramma,  ,Capartogramma,Genus,,,,,,Yes,No,,
,,,,,Capartogramma,crucicula,Capartogramma crucicula,Species,,,,,,Yes,No,,
,,,,,Chaetosphaeridium,,Chaetosphaeridium ,Genus,,,,,,Yes,Unknown,No coordinates in GBIF,
,,,,,Chamaesiphon ,,Chamaesiphon,Genus,,,,,,Yes,No,,
,,,,,Characiopsis,,Characiopsis ,Genus,,,,,,Yes,No,,
,,,,,Chlamydomonas,,Chlamydomonas ,Genus,,,,,,Yes,No,,
,,,,,Chlorella,,Chlorella ,Genus,,,,,,Yes,Unknown,No coordinates in GBIF,
,,,,,Chlorella,saccinarophila,Chlorella saccinarophila,Species,,,,,,Yes,No,,
Chromista,Ochrophyta,Eustigmatophyceae,Eustigmatales,Chlorobotryaceae,Chlorobotrys,,Chlorobotrys ,Genus,,,,,,Yes,No,,
,,,,,Chlorococcum ,,Chlorococcum,Genus,,,,,,Yes,No,,
,,,,,Chlorococcus,,Chlorococcus ,Genus,,,,,,Yes,No,,
,,,,,Chlorosarcina,,Chlorosarcina ,Genus,,,,,,Yes,No,,
,,,,,Chroococcus,,Chroococcus ,Genus,,,,,,Yes,Yes,,
,,,,,Chroococcus,minutus,Chroococcus minutus,Species,,,,,,Yes,Unknown,No coordinates in GBIF,
,,,,,Chroodactylon ,ramosum,Chroodactylon ramosum,Species,,,,,,Yes,Unknown,No coordinates in GBIF,
,,,,,Cladophora ,glomerata,Cladophora glomerata,Species,,,,,,Yes,Yes,,
,,,,,Closterium,,Closterium,Genus,,,,,,Yes,No,Cameroon,
,,,,,Closterium,abruptum,Closterium abruptum,Species,,,,,,Yes,No,,
,,,,,Closterium ,lineatum,Closterium lineatum,Species,,,,,,Yes,No,,
,,,,,Cocconeis,,Cocconeis ,Genus,,,,,,Yes,Yes,,
,,,,,Cocconeis,engelbrechtii,Cocconeis engelbrechtii,Species,,,,,,Yes,Unknown,No coordinates in GBIF ,
,,,,,Cocconeis,pediculus,Cocconeis pediculus,Species,,,,,,Yes,No,,
,,,,,Cocconeis,placentula,Cocconeis placentula,Species,,,,,,Yes,No,,
,,,,,Cocconeis,placentula var. euglypta,Cocconeis placentula var. euglypta,Species,,,,,,Yes,No,,
,,,,,Cocconeis,placentula var. lineata,Cocconeis placentula var. lineata,Species,,,,,,Yes,No,,
,,,,,Coelastrum,  ,Coelastrum   ,Genus,,,,,,Yes,No,,
,,,,,Coelosphaerium , ,Coelosphaerium   ,Genus,,,,,,Yes,No,,
,,,,,Coenochloris,,Coenochloris ,Genus,,,,,,Yes,No,,
,,,,,Coenococcus,,Coenococcus ,Genus,,,,,,Yes,No,,
,,,,,Coenocystis ,,Coenocystis  ,Genus,,,,,,Yes,No,,
,,,,,Cosmarium ,,Cosmarium,Genus,,,,,,Yes,No,,
,,,,,Cosmarium,tinctum,Cosmarium tinctum,Species,,,,,,Yes,No,,
,,,,,Craticula,,Craticula,Genus,,,,,,Yes,No,,
,,,,,Craticula,accomoda,Craticula accomoda,Species,,,,,,Yes,No,,
,,,,,Craticula,ambigua,Craticula ambigua,Species,,,,,,Yes,No,,
,,,,,Craticula,buderi,Craticula buderi,Species,,,,,,Yes,No,,
,,,,,Craticula,halophila,Craticula halophila,Species,,,,,,Yes,No,,
,,,,,Craticula,molestiformis,Craticula molestiformis,Species,,,,,,Yes,No,,
,,,,,Craticula,vixnegligenda,Craticula vixnegligenda,Species,,,,,,Yes,No,,
,,,,,Crucigenia,,Crucigenia ,Genus,,,,,,Yes,No,,
,,,,,Cryptomonas ,,Cryptomonas  ,Genus,,,,,,Yes,Yes,,
,,,,,Ctenophora,pulchella,Ctenophora pulchella,Species,,,,,,Yes,No,,
,,,,,Cyclostephanos,dubius,Cyclostephanos dubius,Species,,,,,,Yes,No,,
,,,,,Cyclotella,,Cyclotella,Genus,,,,,,Yes,Yes,,
,,,,,Cyclotella,meneghiniana,Cyclotella meneghiniana,Species,,,,,,Yes,Unknown,No coordinates in GBIF,
,,,,,Cyclotella,ocellata,Cyclotella ocellata,Species,,,,,,Yes,No,,
,,,,,Cylindrocapsa,,Cylindrocapsa ,Genus,,,,,,Yes,No,,
,,,,,Cylindrocystis,,Cylindrocystis ,Genus,,,,,,Yes,No,,
,,,,,Cylindrospermum,,Cylindrospermum ,Genus,,,,,,Yes,No,,
,,,,,Cymatopleura,,Cymatopleura ,Genus,,,,,,Yes,No,,
,,,,,Cymatopleura,solea,Cymatopleura solea,Species,,,,,,Yes,Unknown,No coordinates in GBIF,
,,,,,Cymbella,,Cymbella,Genus,,,,,,Yes,No,,
,,,,,Cymbella,aspera,Cymbella aspera,Species,,,,,,Yes,No,,
,,,,,Cymbella ,cymbiformis,Cymbella cymbiformis,Species,,,,,,Yes,Unknown,No coordinates in GBIF,
,,,,,Cymbella                     ,kolbei,Cymbella kolbei,Species,,,,,,Yes,Unknown,No coordinates in GBIF,
,,,,,Cymbella,neocistula,Cymbella neocistula,Species,,,,,,Yes,No,,
,,,,,Cymbella,subleptoceros,Cymbella subleptoceros,Species,,,,,,Yes,No,,
,,,,,Cymbella,tumida,Cymbella tumida,Species,,,,,,Yes,No,,
,,,,,Cymbella,turgidula,Cymbella turgidula,Species,,,,,,Yes,Unknown,No coordinates in GBIF,
,,,,,Cymbopleura,naviculiformis,Cymbopleura naviculiformis,Species,,,,,,Yes,No,,
,,,,,Denticula,subtilis,Denticula subtilis,Species,,,,,,Yes,No,,
,,,,,Denticula                                      ,sundaysensis,Denticula sundaysensis,Species,,,,,,Yes,No,,
,,,,,Desmococcus ,,Desmococcus,Genus,,,,,,Yes,No,,
,,,,,Diadesmis,confervacea,Diadesmis confervacea,Species,,,,,,Yes,No,,
,,,,,Diadesmis,contenta,Diadesmis contenta,Species,,,,,,Yes,No,,
,,,,,Diatoma,,Diatoma ,Genus,,,,,,Yes,No,,
,,,,,Diatoma,vulgaris,Diatoma vulgaris,Species,,,,,,Yes,No,,
,,,,,Dichothrix,  ,Dichothrix   ,Genus,,,,,,Yes,Unknown,No coordinates in GBIF,
,,,,,Dicranochaete,,Dicranochaete ,Genus,,,,,,Yes,Yes,,
,,,,,Dinobryon,,Dinobryon,Genus,,,,,,Yes,No,,
,,,,,Diploneis,,Diploneis ,Genus,,,,,,Yes,Unknown,No coordinates in GBIF,
,,,,,Diploneis,elliptica,Diploneis elliptica,Species,,,,,,Yes,No,,
,,,,,Diploneis,oblongella,Diploneis oblongella,Species,,,,,,Yes,No,,
,,,,,Diploneis,subovalis,Diploneis subovalis,Species,,,,,,Yes,No,,
,,,,,Discostella,pseudostelligera,Discostella pseudostelligera,Species,,,,,,Yes,No,,
Chromista,Ochrophyta,Bacillariophyceae,Thalassiosirales,Stephanodiscaceae,Discostella,  ,Discostella,Genus,,,,,,No,,,
,,,,,Discostella,stelligera,Discostella stelligera,Species,,,,,,Yes,No,,
,,,,,Elakatothrix ,,Elakatothrix  ,Genus,,,,,,Yes,No,,
,,,,,Encyonema,,Encyonema,Genus,,Bacillariophyta - diatoms,Unicellular,,,Yes,No,,
,,,,,Encyonema,mesianum,Encyonema mesianum,Species,,Bacillariophyta - diatoms,Unicellular,,,Yes,No,,
,,,,,Encyonema,minutum,Encyonema minutum,Species,,Bacillariophyta - diatoms,Unicellular,,,Yes,Unknown,No coordinates in GBIF,
,,,,,Encyonema,neogracile,Encyonema neogracile,Species,,Bacillariophyta - diatoms,Unicellular,,,Yes,No,,
,,,,,Encyonema,silesiacum,Encyonema silesiacum,Species,,Bacillariophyta - diatoms,Unicellular,,,Yes,No,,
,,,,,Encyonema,ventricosum,Encyonema ventricosum,Species,,Bacillariophyta - diatoms,Unicellular,,,Yes,No,,
,,,,,Encyonopsis,,Encyonopsis ,Genus,,,Unicellular,,,Yes,No,,
,,,,,Encyonopsis,leei,Encyonopsis leei,Species,,,,,,Yes,Unknown,No coordinates in GBIF,
,,,,,Encyonopsis,leei var. sinensis,Encyonopsis leei var. sinensis,Species,,,,,,Yes,Unknown,No coordinates in GBIF,
,,,,,Encyonopsis,raytonensis,Encyonopsis raytonensis,Species,,Bacillariophyta - diatoms,,,,Yes,Unknown,No coordinates in GBIF,
,,,,,Encyonopsis,subminuta,Encyonopsis subminuta,Species,,,Unicellular,,,Yes,No,,
,,,,,Entomoneis,,Entomoneis ,Genus,,,,,,Yes,No,,
,,,,,Eolimna,,Eolimna ,Genus,,,,,,Yes,No,,
,,,,,Eolimna,minima,Eolimna minima,Species,,,,,,Yes,No,,
,,,,,Eolimna,subminuscula,Eolimna subminuscula,Species,,,,,,Yes,No,,
,,,,,Epithemia,adnata,Epithemia adnata,Species,,,,,,Yes,No,,
,,,,,Epithemia,sorex,Epithemia sorex,Species,,,,,,Yes,No,,
,,,,,Euastrum,,Euastrum ,Genus,,,,,,Yes,No,,
,,,,,Euglena ,,Euglena,Genus,,,,,,Yes,No,,
,,,,,Euglena,gracilis,Euglena gracilis,Species,,,,,,Yes,No,,
,,,,,Eunotia,,Eunotia,Genus,,,,,,Yes,No,,
,,,,,Eunotia,bilunaris,Eunotia bilunaris,Species,,,,,,Yes,No,,
,,,,,Eunotia,exigua,Eunotia exigua,Species,,,,,,Yes,No,,
,,,,,Eunotia,flexuosa,Eunotia flexuosa,Species,,,,,,Yes,No,,
,,,,,Eunotia,formica,Eunotia formica,Species,,,,,,Yes,No,,
,,,,,Eunotia,incisa,Eunotia incisa,Species,,,,,,Yes,No,,
,,,,,Eunotia,minor,Eunotia minor,Species,,,,,,Yes,No,,
,,,,,Eunotia,pectinalis,Eunotia pectinalis,Species,,,,,,Yes,No,,
,,,,,Eunotia,pectinalis var. undulata,Eunotia pectinalis var. undulata,Species,,,,,,Yes,No,,
,,,,,Eunotia,rhomboidea,Eunotia rhomboidea,Species,,,,,,Yes,No,,
,,,,,Eutreptiella ,,Eutreptiella  ,Genus,,,,,,Yes,No,,
,,,,,Fallacia,,Fallacia,Genus,,,,,,Yes,Unknown,No coordinates in GBIF,
,,,,,Fischerella,,Fischerella ,Genus,,,,,,Yes,No,,
,,,,,Fistulifera,saprophila,Fistulifera saprophila,Species,,,,,,Yes,No,,
,,,,,Fottiella ,,Fottiella  ,Genus,,,,,,Yes,Unknown,No coordinates in GBIF,
,,,,,Fragilaria,,Fragilaria,Genus,,,,,,Yes,Yes,,
,,,,,Fragilaria,biceps,Fragilaria biceps,Species,,,,,,Yes,Unknown,No coordinates in GBIF,
,,,,,Fragilaria,capucina,Fragilaria capucina,Species,,,,,,Yes,No,,
,,,,,Fragilaria,capucina var. rumpens,Fragilaria capucina var. rumpens,Species,,,,,,Yes,No,,
,,,,,Fragilaria,capucina var. vaucheriae,Fragilaria capucina var. vaucheriae,Species,,,,,,Yes,No,,
,,,,,Fragilaria,crotonensis,Fragilaria crotonensis,Species,,,,,,Yes,No,,
,,,,,Fragilaria,parasitica,Fragilaria parasitica,Species,,,,,,Yes,No,,
,,,,,Fragilaria,parasitica var. constricta,Fragilaria parasitica var. constricta,Species,,,,,,Yes,Unknown,No coordinates in GBIF,
,,,,,Fragilaria,rumpens,Fragilaria rumpens,Species,,,,,,Yes,No,,
,,,,,Fragilaria,tenera,Fragilaria tenera,Species,,,,,,Yes,No,,
,,,,,Fragilaria,ulna,Fragilaria ulna,Species,,,,,,Yes,No,,
,,,,,Frustulia,,Frustulia,Genus,,,,,,Yes,No,,
,,,,,Frustulia,crassinervia,Frustulia crassinervia,Species,,,,,,Yes,No,,
,,,,,Frustulia,gibba,Frustulia gibba,Species,,,,,,Yes,No,,
,,,,,Frustulia,rostrata,Frustulia rostrata,Species,,,,,,Yes,No,,
,,,,,Frustulia,saxonica,Frustulia saxonica,Species,,,,,,Yes,No,,
,,,,,Frustulia,vulgaris,Frustulia vulgaris,Species,,,,,,Yes,No,,
,,,,,Geissleria,decussis,Geissleria decussis,Species,,,,,,Yes,No,,
,,,,,Geminella,,Geminella ,Genus,,,,,,Yes,No,,
,,,,,Gloeocapsa,,Gloeocapsa ,Genus,,,,,,Yes,No,,
,,,,,Gloeocystis,,Gloeocystis ,Genus,,,,,,Yes,No,,
,,,,,Gloeothece,,Gloeothece ,Genus,,,,,,Yes,No,,
,,,,,Gomphonema,,Gomphonema,Genus,,Bacillariophyta - diatoms,,,,Yes,No,,
,,,,,Gomphonema,acuminatum,Gomphonema acuminatum,Species,,Bacillariophyta - diatoms,,,,Yes,No,,
,,,,,Gomphonema,affine,Gomphonema affine,Species,,Bacillariophyta - diatoms,Unicellular,,,Yes,No,,
Chromista,Ochrophyta,Bacillariophyceae,Cymbellales,Gomphonemataceae,Gomphonema,affine gracile,Gomphonema affine gracile,Species,,Bacillariophyta - diatoms,Unicellular,,,No,,,
Chromista,Ochrophyta,Bacillariophyceae,Cymbellales,Gomphonemataceae,Gomphonema,affine lagenula,Gomphonema affine lagenula,Species,,Bacillariophyta - diatoms,Unicellular,,,No,,,
,,,,,Gomphonema,angustum,Gomphonema angustum,Species,,Bacillariophyta - diatoms,Unicellular,,,Yes,Unknown,No coordinates in GBIF,
,,,,,Gomphonema,capitatum,Gomphonema capitatum,Species,,Bacillariophyta - diatoms,Unicellular,,,Yes,No,,
,,,,,Gomphonema,clavatum,Gomphonema clavatum,Species,,Bacillariophyta - diatoms,Unicellular,,,Yes,No,,
Chromista,Ochrophyta,Bacillariophyceae,Cymbellales,Gomphonemataceae,Gomphonema,exilissimum,Gomphonema exilissimum,Species,,,Unicellular,,,No,,,
,,,,,Gomphonema,insigne,Gomphonema insigne,Species,,Bacillariophyta - diatoms,Unicellular,,,Yes,No,,
,,,,,Gomphonema,italicum,Gomphonema italicum,Species,,Bacillariophyta - diatoms,Unicellular,,,Yes,No,,
,,,,,Gomphonema,lagenula,Gomphonema lagenula,Species,,,Unicellular,,,Yes,No,,
,,,,,Gomphonema,laticollum,Gomphonema laticollum,Species,,Bacillariophyta - diatoms,,,,Yes,No,,
,,,,,Gomphonema,minutum,Gomphonema minutum,Species,,Bacillariophyta - diatoms,Unicellular,,,Yes,No,,
,,,,,Gomphonema,parvulum,Gomphonema parvulum,Species,,Bacillariophyta - diatoms,Unicellular,,,Yes,No,,
,,,,,Gomphonema,parvulum var. lagenula,Gomphonema parvulum var. lagenula,Species,,Bacillariophyta - diatoms,,,,Yes,No,,
,,,,,Gomphonema,pseudoaugur,Gomphonema pseudoaugur,Species,,Bacillariophyta - diatoms,,,,Yes,No,,
,,,,,Gomphonema,pumilum,Gomphonema pumilum,Species,,Bacillariophyta - diatoms,,,,Yes,No,,
,,,,,Gomphonema,truncatum,Gomphonema truncatum,Species,,Bacillariophyta - diatoms,Unicellular,,,Yes,No,,
,,,,,Gomphonema,venusta,Gomphonema venusta,Species,,Bacillariophyta - diatoms,Unicellular,,,Yes,Unknown,No coordinates in GBIF,
,,,,,Gongrosira ,,Gongrosira,Genus,,,Unicellular,,,Yes,No,,
,,,,,Gymnodinium,,Gymnodinium ,Genus,,,,,,Yes,No,,
,,,,,Gyrosigma,,Gyrosigma,Genus,,,,,,Yes,No,,
,,,,,Gyrosigma,acuminatum,Gyrosigma acuminatum,Species,,,,,,Yes,No,,
,,,,,Gyrosigma,attenuatum,Gyrosigma attenuatum,Species,,,,,,Yes,No,,
,,,,,Gyrosigma,rautenbachiae,Gyrosigma rautenbachiae,Species,,,,,,Yes,Unknown,No coordinates in GBIF,
,,,,,Gyrosigma,scalproides,Gyrosigma scalproides,Species,,,,,,Yes,No,,
,,,,,Haematococcus,,Haematococcus ,Genus,,,,,,Yes,No,,
,,,,,Hantzschia, ,Hantzschia  ,Genus,,,,,,Yes,No,,
,,,,,Hantzschia,amphioxys,Hantzschia amphioxys,Species,,,,,,Yes,No,,
,,,,,Hapalosiphon,,Hapalosiphon,Genus,,,,,,Yes,No,,
,,,,,Heteroleibleinia,,Heteroleibleinia ,Genus,,,,,,Yes,No,,
,,,,,Hippodonta,hungarica,Hippodonta hungarica,Species,,,,,,Yes,No,,
,,,,,Homoeothrix, ,Homoeothrix  ,Genus,,,,,,Yes,Unknown,No coordinates in GBIF,
,,,,,Kirchneriella,,Kirchneriella ,Genus,,,,,,Yes,No,,
,,,,,Klebsormidium,,Klebsormidium ,Genus,,,,,,Yes,Yes,,
,,,,,Kobayasiella,,Kobayasiella ,Genus,,,,,,Yes,No,,
,,,,,Kobayasiella,subtilissima,Kobayasiella subtilissima,Species,,,,,,Yes,No,,
,,,,,Lagerheimia,,Lagerheimia ,Genus,,,,,,Yes,No,,
,,,,,Lemnicola,,Lemnicola ,Genus,,,,,,Yes,No,,
,,,,,Lemnicola,hungarica,Lemnicola hungarica,Species,,,,,,Yes,No,,
,,,,,Luticola,,Luticola,Genus,,,,,,Yes,No,,
,,,,,Luticola,acidoclinata,Luticola acidoclinata,Species,,,,,,Yes,No,,
,,,,,Luticola,goeppertiana,Luticola goeppertiana,Species,,,,,,Yes,No,,
,,,,,Luticola,kotschyi,Luticola kotschyi,Species,,,,,,Yes,No,,
,,,,,Lyngbya,,Lyngbya,Genus,,,,,,Yes,Yes,,
,,,,,Melosira, ,Melosira  ,Genus,,,,,,Yes,Yes,,
,,,,,Melosira,varians,Melosira varians,Species,,,,,,Yes,No,,
,,,,,Merismopedia,,Merismopedia,Genus,,,,,,Yes,No,,
,,,,,Mesotaenium,,Mesotaenium ,Genus,,,,,,Yes,No,,
,,,,,Micractinium,,Micractinium,Genus,,,,,,Yes,No,,
,,,,,Micrasterias ,,Micrasterias  ,Genus,,,,,,Yes,No,,
,,,,,Microcystis,,Microcystis ,Genus,,,,,,Yes,No,,
,,,,,Microspora,,Microspora ,Genus,,,,,,Yes,No,,
,,,,,Monoraphidium ,,Monoraphidium  ,Genus,,,,,,Yes,No,,
,,,,,Mougeotia,,Mougeotia,Genus,,,,,,Yes,No,,
,,,,,Navicula,,Navicula,Genus,,,,,,Yes,Unknown,No coordinates in GBIF,
,,,,,Navicula,angusta,Navicula angusta,Species,,,,,,Yes,No,,
,,,,,Navicula,antonii,Navicula antonii,Species,,,,,,Yes,No,,
Chromista,Ochrophyta,Bacillariophyceae,Naviculales,Naviculaceae,Navicula,arvensis var. maior,Navicula arvensis var. maior,Species,,,,,,No,,,
,,,,,Navicula,capitatoradiata,Navicula capitatoradiata,Species,,,,,,Yes,No,,
,,,,,Navicula,cincta,Navicula cincta,Species,,,,,,Yes,No,,
,,,,,Navicula,cryptocephala,Navicula cryptocephala,Species,,,,,,Yes,No,,
,,,,,Navicula,cryptonella,Navicula cryptonella,Species,,,,,,Yes,No,,
,,,,,Navicula,cryptotenelloides,Navicula cryptotenelloides,Species,,,,,,Yes,No,,
,,,,,Navicula,erifuga,Navicula erifuga,Species,,,,,,Yes,No,,
,,,,,Navicula,germainii,Navicula germainii,Species,,,,,,Yes,No,,
,,,,,Navicula,gregaria,Navicula gregaria,Species,,,,,,Yes,No,,
,,,,,Navicula ,heimansioides,Navicula heimansioides,Species,,,,,,Yes,No,,
,,,,,Navicula,libonensis,Navicula libonensis,Species,,,,,,Yes,No,,
,,,,,Navicula,longicephala,Navicula longicephala,Species,,,,,,Yes,No,,
,,,,,Navicula,minima,Navicula minima,Species,,,,,,Yes,No,,
,,,,,Navicula ,notha  ,Navicula notha  ,Species,,,,,,Yes,No,,
,,,,,Navicula,radiosa,Navicula radiosa,Species,,,,,,Yes,No,,
,,,,,Navicula ,ranomafenensis,Navicula ranomafenensis,Species,,,,,,Yes,No,,
,,,,,Navicula,recens,Navicula recens,Species,,,,,,Yes,No,,
,,,,,Navicula,reichardtiana,Navicula reichardtiana,Species,,,,,,Yes,No,,
,,,,,Navicula,rhynchocephala,Navicula rhynchocephala,Species,,,,,,Yes,No,,
,,,,,Navicula,riediana,Navicula riediana,Species,,,,,,Yes,No,,
,,,,,Navicula,rostellata,Navicula rostellata,Species,,,,,,Yes,No,,
,,,,,Navicula,schroeteri,Navicula schroeteri,Species,,,,,,Yes,No,,
,,,,,Navicula  ,symmetrica,Navicula symmetrica,Species,,,,,,Yes,No,,
,,,,,Navicula,tripunctata,Navicula tripunctata,Species,,,,,,Yes,No,,
,,,,,Navicula,trivialis,Navicula trivialis,Species,,,,,,Yes,No,,
,,,,,Navicula,veneta,Navicula veneta,Species,,,,,,Yes,Unknown,No coordinates in GBIF,
,,,,,Navicula                                              ,zanoni,Navicula zanoni,Species,,,,,,Yes,No,,
,,,,,Navicymbula,pusilla,Navicymbula pusilla,Species,,,,,,Yes,No,,
,,,,,Neidium,,Neidium ,Genus,,,,,,Yes,No,,
,,,,,Netrium,,Netrium,Genus,,,,,,Yes,No,,
Chromista,Ochrophyta,Bacillariophyceae,Bacillariales,Bacillariaceae,Nitzchia ,iremissa,Nitzchia iremissa,Species,,,,,,No,,,
Chromista,Ochrophyta,Bacillariophyceae,Bacillariales,Bacillariaceae,Nitzchia ,linearis,Nitzchia linearis,Species,,,,,,No,,,
,,,,,Nitzschia,,Nitzschia,Genus,,,,,,Yes,Yes,,
,,,,,Nitzschia,acicularis,Nitzschia acicularis,Species,,,,,,Yes,No,,
,,,,,Nitzschia,agnewii,Nitzschia agnewii,Species,,,,,,Yes,No,,
,,,,,Nitzschia,amphibia,Nitzschia amphibia,Species,,,,,,Yes,Yes,,
,,,,,Nitzschia,archibaldii,Nitzschia archibaldii,Species,,,,,,Yes,No,,
,,,,,Nitzschia,aurariae,Nitzschia aurariae,Species,,,,,,Yes,No,,
,,,,,Nitzschia,capitellata,Nitzschia capitellata,Species,,,,,,Yes,No,,
,,,,,Nitzschia,clausii,Nitzschia clausii,Species,,,,,,Yes,No,,
,,,,,Nitzschia,closterium,Nitzschia closterium,Species,,,,,,Yes,No,,
,,,,,Nitzschia,desertorum,Nitzschia desertorum,Species,,,,,,Yes,No,,
,,,,,Nitzschia,dissipata,Nitzschia dissipata,Species,,,,,,Yes,Yes,,
,,,,,Nitzschia,etoshensis,Nitzschia etoshensis,Species,,,,,,Yes,Unknown,No coordinates in GBIF,
,,,,,Nitzschia,filiformis,Nitzschia filiformis,Species,,,,,,Yes,No,,
,,,,,Nitzschia,frustulum,Nitzschia frustulum,Species,,,,,,Yes,No,,
,,,,,Nitzschia,gracilis,Nitzschia gracilis,Species,,,,,,Yes,Unknown,No coordinates in GBIF,
,,,,,Nitzschia,intermedia,Nitzschia intermedia,Species,,,,,,Yes,No,,
,,,,,Nitzschia,irremissa,Nitzschia irremissa,Species,,,,,,Yes,Unknown,No coordinates in GBIF,
,,,,,Nitzschia,liebertruthii,Nitzschia liebertruthii,Species,,,,,,Yes,Unknown,No coordinates in GBIF,
,,,,,Nitzschia,linearis,Nitzschia linearis,Species,,,,,,Yes,No,,
,,,,,Nitzschia,linearis var. subtilis,Nitzschia linearis var. subtilis,Species,,,,,,Yes,No,,
,,,,,Nitzschia,littorea,Nitzschia littorea,Species,,,,,,Yes,Unknown,No coordinates in GBIF,
,,,,,Nitzschia,microcephala,Nitzschia microcephala,Species,,,,,,Yes,No,,
,,,,,Nitzschia,nana,Nitzschia nana,Species,,,,,,Yes,No,,
,,,,,Nitzschia,palea,Nitzschia palea,Species,,,,,,Yes,No,,
,,,,,Nitzschia,paleacea,Nitzschia paleacea,Species,,,,,,Yes,No,,
,,,,,Nitzschia,pura,Nitzschia pura,Species,,,,,,Yes,No,,
,,,,,Nitzschia,pusilla,Nitzschia pusilla,Species,,,,,,Yes,No,,
,,,,,Nitzschia,recta,Nitzschia recta,Species,,,,,,Yes,No,,
,,,,,Nitzschia,sigma,Nitzschia sigma,Species,,,,,,Yes,Yes,,
,,,,,Nitzschia,sinuata var. delognei,Nitzschia sinuata var. delognei,Species,,,,,,Yes,Yes,,
,,,,,Nitzschia,sublinearis,Nitzschia sublinearis,Species,,,,,,Yes,No,,
Chromista,Ochrophyta,Bacillariophyceae,Bacillariales,Bacillariaceae,Nitzschia,symmetrica,Nitzschia symmetrica,Species,,,,,,No,,,
,,,,,Nitzschia,umbonata,Nitzschia umbonata,Species,,,,,,Yes,No,,
,,,,,Nitzscia,communis,Nitzschia communis,Species,,,,,,Yes,No,,
,,,,,Nostoc , ,Nostoc   ,Genus,,,,,,Yes,No,,
,,,,,Nostoc ,commune,Nostoc commune,Species,,,,,,Yes,Yes,,
,,,,,Oedogonium ,,Oedogonium,Genus,,,,,,Yes,Yes,,
,,,,,Oedogonium ,minus,Oedogonium minus,Species,,,,,,Yes,No,,
,,,,,Oocystis, ,Oocystis  ,Genus,,,,,,Yes,No,,
Plantae,Chlorophyta,Trebouxiophyceae,Oocystales,Oocystaceae,Oocystis ,rupestris,Oocystis rupestris,Species,,,,,,No,,,
,,,,,Orthoseira,,Orthoseira,Genus,,,,,,Yes,No,,
,,,,,Oscillatoria,,Oscillatoria ,Genus,,,,,,Yes,Yes,,
,,,,,Oscillatoria ,princeps,Oscillatoria princeps,Species,,,,,,Yes,No,,
,,,,,Oscillatoria ,sancta,Oscillatoria sancta,Species,,,,,,Yes,No,,
,,,,,Oscillatoria ,tenuis,Oscillatoria tenuis,Species,,,,,,Yes,No,,
,,,,,Oxyneis,,Oxyneis,Genus,,,,,,Yes,No,,
,,,,,Palmella, ,Palmella  ,Genus,,,,,,Yes,No,,
,,,,,Pediastrum, ,Pediastrum  ,Genus,,,,,,Yes,No,,
,,,,,Pediastrum ,duplex,Pediastrum duplex,Species,,,,,,Yes,No,,
,,,,,Penium,,Penium,Genus,,,,,,Yes,No,,
,,,,,Phacus ,,Phacus  ,Genus,,,,,,Yes,Yes,,
,,,,,Phormidium ,,Phormidium,Genus,,,,,,Yes,No,,
,,,,,Pinnularia,,Pinnularia,Genus,,,,,,Yes,No,,
,,,,,Pinnularia,acrosphaeria,Pinnularia acrosphaeria,Species,,,,,,Yes,Unknown,No coordinates in GBIF,
,,,,,Pinnularia,borealis,Pinnularia borealis,Species,,,,,,Yes,Unknown,No coordinates in GBIF,
,,,,,Pinnularia,divergens,Pinnularia divergens,Species,,,,,,Yes,No,,
,,,,,Pinnularia,gibba,Pinnularia gibba,Species,,,,,,Yes,No,,
,,,,,Pinnularia,microstauron var. rostrata,Pinnularia microstauron var. rostrata,Species,,,,,,Yes,No,,
,,,,,Pinnularia,rostrata,Pinnularia rostrata,Species,,,,,,Yes,Unknown,No coordinates in GBIF,
,,,,,Pinnularia,subcapitata,Pinnularia subcapitata,Species,,,,,,Yes,No,,
,,,,,Pinnularia,subgibba,Pinnularia subgibba,Species,,,,,,Yes,No,,
,,,,,Pinnularia                 ,subgibba var. sublinearis,Pinnularia subgibba var. sublinearis,Species,,,,,,Yes,No,,
,,,,,Pinnularia,sudetica,Pinnularia sudetica,Species,,,,,,Yes,No,,
,,,,,Pinnularia,viridiformis,Pinnularia viridiformis,Species,,,,,,Yes,No,,
,,,,,Pinnularia,viridis,Pinnularia viridis,Species,,,,,,Yes,No,,
,,,,,Placoneis,,Placoneis,Genus,,,,,,Yes,Unknown,No coordinates in GBIF,
,,,,,Placoneis,dicephala,Placoneis dicephala,Species,,,,,,Yes,Unknown,No coordinates in GBIF,
,,,,,Placoneis,elginensis,Placoneis elginensis,Species,,,,,,Yes,No,,
,,,,,Placoneis,placentula,Placoneis placentula,Species,,,,,,Yes,No,,
,,,,,Planothidium, ,Planothidium  ,Genus,,,,,,Yes,Yes,,
,,,,,Planothidium,engelbrechtii,Planothidium engelbrechtii,Species,,,,,,Yes,No,,
,,,,,Planothidium,frequentissimum,Planothidium frequentissimum,Species,,,,,,Yes,No,,
,,,,,Planothidium,rostatrum,Planothidium rostatrum,Species,,,,,,Yes,No,,
,,,,,Pleurocapsa,,Pleurocapsa ,Genus,,,,,,Yes,No,,
,,,,,Pleurosigma,,Pleurosigma,Genus,,,,,,Yes,Yes,,
,,,,,Pleurosigma,elongatum,Pleurosigma elongatum,Species,,,,,,Yes,No,,
,,,,,Pleurosigma,salinarum,Pleurosigma salinarum,Species,,,,,,Yes,No,,
,,,,,Pleurotaenium, ,Pleurotaenium  ,Genus,,,,,,Yes,No,,
,,,,,Pseudostaurosira,brevistriata,Pseudostaurosira brevistriata,Species,,,,,,Yes,No,,
,,,,,Quadrigula ,,Quadrigula  ,Genus,,,,,,Yes,No,,
,,,,,Reimeria,sinuata,Reimeria sinuata,Species,,,,,,Yes,No,,
,,,,,Reimeria,uniseriata,Reimeria uniseriata,Species,,,,,,Yes,No,,
,,,,,Rhoicosphenia,abbreviata,Rhoicosphenia abbreviata,Species,,,,,,Yes,Yes,,
,,,,,Rhopalodia,,Rhopalodia,Genus,,,,,,Yes,Yes,,
,,,,,Rhopalodia,gibba,Rhopalodia gibba,Species,,,,,,Yes,No,,
,,,,,Rhopalodia,gibberula,Rhopalodia gibberula,Species,,,,,,Yes,Yes,,
,,,,,Rhopalodia,operculata,Rhopalodia operculata,Species,,,,,,Yes,No,,
,,,,,Rivularia,,Rivularia,Genus,,,,,,Yes,No,,
,,,,,Romeria, ,Romeria  ,Genus,,,,,,Yes,No,,
,,,,,Roya,obtusa var. montana,Roya obtusa var. montana,Species,,,,,,Yes,No,,
,,,,,Scenedesmus ,,Scenedesmus,Genus,,,,,,Yes,No,,
,,,,,Scenedesmus ,quadricauda,Scenedesmus quadricauda,Species,,,,,,Yes,No,,
,,,,,Schizothrix,,Schizothrix ,Genus,,,,,,Yes,No,,
,,,,,Scourfieldia,,Scourfieldia ,Genus,,,,,,Yes,No,,
,,,,,Scytonema,,Scytonema ,Genus,,,,,,Yes,Yes,,
,,,,,Scytonema ,crispum,Scytonema crispum,Species,,,,,,Yes,No,,
,,,,,Selenastrum, ,Selenastrum  ,Genus,,,,,,Yes,No,,
,,,,,Sellaphora,,Sellaphora ,Genus,,,,,,Yes,Yes,,
,,,,,Sellaphora,pupula,Sellaphora pupula,Species,,,,,,Yes,No,,
,,,,,Sellaphora,seminulum,Sellaphora seminulum,Species,,,,,,Yes,No,,
,,,,,Simonsenia,delognei,Simonsenia delognei,Species,,,,,,Yes,No,,
,,,,,Sphaerocystis,,Sphaerocystis ,Genus,,,,,,Yes,Unknown,No coordinates in GBIF,
,,,,,Spirogyra ,,Spirogyra,Genus,,,,,,Yes,Yes,,
,,,,,Spirogyra ,reinhardii,Spirogyra reinhardii,Species,,,,,,Yes,Unknown,No coordinates in GBIF,
Plantae,Charophyta,Zygnematophyceae,Zygnematales,Zygnemataceae,Spirogyra ,scripta,Spirogyra scripta,Species,,,,,,No,,,
,,,,,Spirulina ,abbreviata,Spirulina abbreviata,Species,,,,,,Yes,No,,
,,,,,Staurastrum,,Staurastrum,Genus,,,,,,Yes,No,,
,,,,,Staurodesmus ,,Staurodesmus  ,Genus,,,,,,Yes,No,,
,,,,,Stauroneis,,Stauroneis,Genus,,,,,,Yes,Yes,,
,,,,,Stauroneis,anceps,Stauroneis anceps,Species,,,,,,Yes,Yes,,
,,,,,Stauroneis,smithii,Stauroneis smithii,Species,,,,,,Yes,No,,
,,,,,Staurosira,construens,Staurosira construens,Species,,,,,,Yes,No,,
,,,,,Staurosira,elliptica,Staurosira elliptica,Species,,,,,,Yes,No,,
,,,,,Staurosirella,pinnata,Staurosirella pinnata,Species,,,,,,Yes,No,,
,,,,,Stenopterobia ,delicatissima,Stenopterobia delicatissima,Species,,,,,,Yes,No,,
,,,,,Stephanodiscus,,Stephanodiscus,Genus,,,,,,Yes,No,,
,,,,,Stephanodiscus,agassizensis,Stephanodiscus agassizensis,Species,,,,,,Yes,No,,
,,,,,Stichosiphon,,Stichosiphon,Genus,,,,,,Yes,No,,
,,,,,Stigeoclonium, ,Stigeoclonium  ,Genus,,,,,,Yes,Yes,,
,,,,,Stigeoclonium ,tenue,Stigeoclonium tenue,Species,,,,,,Yes,No,,
,,,,,Stigonema,,Stigonema ,Genus,,,,,,Yes,No,,
,,,,,Surirella,,Surirella,Genus,,,,,,Yes,Yes,,
,,,,,Surirella,angusta,Surirella angusta,Species,,,,,,Yes,No,,
,,,,,Surirella,brebissonii,Surirella brebissonii,Species,,,,,,Yes,No,,
,,,,,Synechococcus,,Synechococcus ,Genus,,,,,,Yes,Yes,,
,,,,,Tabellaria,,Tabellaria ,Genus,,,,,,Yes,No,,
,,,,,Tabellaria,flocculosa,Tabellaria flocculosa,Species,,,,,,Yes,No,,
,,,,,Tabularia,,Tabularia,Genus,,,,,,Yes,No,,
,,,,,Tabularia,fasciculata,Tabularia fasciculata,Species,,,,,,Yes,No,,
,,,,,Tetraedriella ,,Tetraedriella  ,Genus,,,,,,Yes,Unknown,No coordinates in GBIF,
,,,,,Tetraedron, ,Tetraedron  ,Genus,,,,,,Yes,No,,
,,,,,Thalassiosira,weissflogi,Thalassiosira weissflogi,Species,,,,,,Yes,No,,
,,,,,Tolypothrix,,Tolypothrix,Genus,,,,,,Yes,No,,
,,,,,Trachelomonas,,Trachelomonas ,Genus,,,,,,Yes,No,,
,,,,,Trachelomonas ,intermedia,Trachelomonas intermedia,Species,,,,,,Yes,No,,
,,,,,Trachelomonas,volvocina,Trachelomonas volvocina,Species,,,,,,Yes,No,,
,,,,,Trebouxia,,Trebouxia ,Genus,,,,,,Yes,No,,
,,,,,Tribonema ,vulgare,Tribonema vulgare,Species,,,,,,Yes,No,,
,,,,,Trichodesmium,,Trichodesmium ,Genus,,,,,,Yes,No,,
,,,,,Tryblionella,,Tryblionella,Genus,,,,,,Yes,No,,
,,,,,Tryblionella,apiculata,Tryblionella apiculata,Species,,,,,,Yes,No,,
,,,,,Tryblionella,calida,Tryblionella calida,Species,,,,,,Yes,No,,
,,,,,Tryblionella,coarctata,Tryblionella coarctata,Species,,,,,,Yes,No,,
,,,,,Tryblionella,hungarica,Tryblionella hungarica,Species,,,,,,Yes,No,,
,,,,,Tryblionella,levidensis,Tryblionella levidensis,Species,,,,,,Yes,No,,
,,,,,Ulothrix ,,Ulothrix,Genus,,,,,,Yes,Yes,,
,,,,,Ulothrix ,punctate,Ulothrix punctate,Species,,,,,,No,,,
Plantae,Chlorophyta,Ulvophyceae,Ulotrichales,Ulotrichaceae,Ulothrix ,zonata,Ulothrix zonata,Species,,,,,,Yes,No,,
,,,,,Zygnema,,Zygnema,Genus,,,,,,Yes,No,,
,,,,,Zygnema ,pectinatum,Zygnema pectinatum,Species,,,,,,Yes,No,,
