Taxon rank,Kingdom,Phylum,Class,Order,Family,Genus,Species,Taxon,Scientific name and authority,Common name,Origin,Endemism,Conservation status,Eco-tolerance,Former scientific name 
Species,Animalia,Chordata,Actinopterygii,Perciformes,Ambassidae,Ambassis,natalensis,Ambassis natalensis,"Ambassis natalensis Gilchrist & Thompson, 1908",Slender glassy,Native,Widespread,Least concern,1,Ambassis safgha;Chanda safgha;Sciaena safgha
Species,Animalia,Chordata,Actinopterygii,Siluriformes,Amphiliidae,Amphilius,natalensis,Amphilius natalensis,"Amphilius natalensis Boulenger, 1917",Natal mountain catfish,Native,Widespread,Least concern,1,
Species,Animalia,Chordata,Actinopterygii,Siluriformes,Amphiliidae,Amphilius,uranoscopus,Amphilius uranoscopus,"Amphilius uranoscopus (Pfeffer, 1889)",Stargazer mountain catfish,Native,Widespread,Least concern,1,Amphilius brevidorsalis;Amphilius hargeri;Amphilius leroyi;Amphilius platychir cubangoensis;Anoplopterus uranoscopus;Chimarrhoglanis leroyi;Pimelodus uranoscopus
Species,Animalia,Chordata,Actinopterygii,Anguilliformes,Anguillidae,Anguilla ,bengalensis,Anguilla  bengalensis,"Anguilla bengalensis (Gray, 1831)",Indian mottled eel,Native,Widespread,Near threatened,3,Anguilla arracana;Anguilla brevirostris;Anguilla elphinstonei;Anguilla variegata;Muraena bengalensis
Species,Animalia,Chordata,Actinopterygii,Anguilliformes,Anguillidae,Anguilla,bicolor,Anguilla bicolor,"Anguilla bicolor McClelland, 1844",Shortfin eel,Native,Widespread,Near threatened,3,Anguilla amblodon;Anguilla bleekeri;Anguilla cantori;Anguilla dussumieri;Anguilla malabarica;Anguilla moa;Anguilla mowa;Anguilla pacifica;Anguilla sidat;Anguilla spengeli;Anguilla virescens;Muraena halmaherensis;Muraena macrocephala;Muraena moa;Muraena virescens
Species,Animalia,Chordata,Actinopterygii,Anguilliformes,Anguillidae,Anguilla ,labiata,Anguilla labiata ,"Anguilla labiata (Peters, 1852)",African Mottled Eel,Native,Widespread,Near threatened,3,
Species,Animalia,Chordata,Actinopterygii,Anguilliformes,Anguillidae,Anguilla,marmorata,Anguilla marmorata,Anguilla marmorata Quoy & Gaimard 1824,Giant mottled eel,Native,Widespread,Least concern,3,Anguilla fidjiensis;Anguilla hildebrandti;Anguilla hildebrandti;Anguilla johannae;Anguilla labrosa;Anguilla marmolata;Anguilla mauritiana;Muraena manillensis
Species,Animalia,Chordata,Actinopterygii,Anguilliformes,Anguillidae,Anguilla,mossambica,Anguilla mossambica,"Anguilla mossambica (Peters, 1852)",African longfin eel,Native,Widespread,Least concern,3,Anguilla capensis;Anguilla delalandi;Muraena mossambica;Tribranchus anguillaris
Species,Animalia,Chordata,Actinopterygii,Perciformes,Cichlidae,Astatotilapia,calliptera,Astatotilapia calliptera,"Astatotilapia calliptera (Günther, 1893)",Eastern river bream,Non-native,Widespread,Least concern,2,Chromis callipterus;Ctenochromis callipterus;Haplochromis callipterus;Haplochromis centropristoides;Neochromis simotes nyassae;Tilapia calliptera
Species,Animalia,Chordata,Actinopterygii,Siluriformes,Austroglanididae,Austroglanis,barnardi,Austroglanis barnardi,"Austroglanis barnardi (Skelton, 1981)",Barnard's rock catfish,Native,Regional endemic level 1,Endangered,1,Gephyroglanis barnardi
Species,Animalia,Chordata,Actinopterygii,Siluriformes,Austroglanididae,Austroglanis,gilli,Austroglanis gilli,"Austroglanis gilli (Barnard, 1943)",Clanwilliam rock catfish,Native,Regional endemic level 1,Near threatened,1,Gephyroglanis gilli
Species,Animalia,Chordata,Actinopterygii,Siluriformes,Austroglanididae,Austroglanis,sclateri,Austroglanis sclateri,"Austroglanis sclateri (Boulenger, 1901)",Rock catfish,Native,Regional endemic level 2,Least concern,1,Gephyroglanis sclateri
Species,Animalia,Chordata,Actinopterygii,Characiformes,Characidae,Brycinus,imberi,Brycinus imberi,"Brycinus imberi (Peters, 1852)",Imberi,Native,Widespread,Least concern,1,Alestes bequaerti;Alestes curtus;Alestes fuchsii;Alestes fuchsii taeniata;Alestes imbera;Alestes imberi;Alestes lemairii;Brachyalestes imberi;Brachyalestes imberi curtis;Brachyalestes imberi imberi;Myletes imberi
Species,Animalia,Chordata,Actinopterygii,Characiformes,Characidae,Brycinus,lateralis,Brycinus lateralis,"Brycinus lateralis (Boulenger, 1900)",Astriped robber,Native,Widespread,Least concern,1,Alestes langi;Alestes lateralis;Alestes natalensis;Alestes thamalakanensis;Myletes lateralis
Species,Animalia,Chordata,Actinopterygii,Cypriniformes,Cyprinidae,Carassius,auratus,Carassius auratus,"Carassius auratus (Linnaeus, 1758)",Goldfish ,Non-native,Widespread,Least concern,1,Carasius auratus;Carassius burgeri;Carassius chinensis;Carassius coeruleus;Carassius discolor;Carassius encobia;Carassius grandoculis;Carassius pekinensis;Cyprinus auratus;Cyprinus chinensis;Cyprinus gibelioides;Cyprinus langsdorfii;Cyprinus maillardi;Cyprinus mauritianus;Cyprinus thoracatus;Leuciscus auratus
Species,Animalia,Chordata,Actinopterygii,Perciformes,Cichlidae,Chetia,brevis,Chetia brevis,"Chetia brevis Jubb, 1968",Orange-fringed largemouth,Native,Widespread,Endangered,2,Astatotilapia brevis;Haplochromis brevis
Species,Animalia,Chordata,Actinopterygii,Perciformes,Cichlidae,Chetia,flaviventris,Chetia flaviventris,"Chetia flaviventris Trewavas, 1961",Canary kurper,Native,Widespread,Least concern,2,Sargochromis gracilis;Serranochromis gracilis
Species,Animalia,Chordata,Actinopterygii,Siluriformes,Mochokidae,Chiloglanis,anoterus,Chiloglanis anoterus,"Chiloglanis anoterus Crass, 1960",Pennant-tail suckermouth / Rock catlet,Native,Regional endemic level 1,Least concern,1,
Species,Animalia,Chordata,Actinopterygii,Siluriformes,Mochokidae,Chiloglanis,bifurcus,Chiloglanis bifurcus,"Chiloglanis bifurcus Jubb & le Roux, 1969",Incomati suckermouth / Rock catlet,Native,Micro-endemic level 1,Critically endangered,1,
Species,Animalia,Chordata,Actinopterygii,Siluriformes,Mochokidae,Chiloglanis,emarginatus,Chiloglanis emarginatus,"Chiloglanis emarginatus Jubb & le Roux, 1969",Pongolo suckermouth / Rock catlet,Native,Widespread,Vulnerable,1,
Species,Animalia,Chordata,Actinopterygii,Siluriformes,Mochokidae,Chiloglanis,paratus,Chiloglanis paratus,"Chiloglanis paratus Crass, 1960",Sawfin suckermouth / Rock catlet,Native,Widespread,Least concern,1,
Species,Animalia,Chordata,Actinopterygii,Siluriformes,Mochokidae,Chiloglanis,pretoriae,Chiloglanis pretoriae,"Chiloglanis pretoriae van der Horst, 1931",Shortspine suckermouth / Rock catlet,Native,Widespread,Least concern,1,Chiloglanis pumilus
Species,Animalia,Chordata,Actinopterygii,Siluriformes,Mochokidae,Chiloglanis,swierstrai,Chiloglanis swierstrai,"Chiloglanis swierstrai van der Horst, 1931",Lowveld suckermouth / Rock catlet,Native,Widespread,Least concern,1,Chiloglanis engiops
Species,Animalia,Chordata,Actinopterygii,Siluriformes,Clariidae,Clarias,gariepinus,Clarias gariepinus,"Clarias gariepinus (Burchell, 1822)",Sharptooth catfish,Native,Widespread,Least concern,1,Clarias capensis;Clarias depressus;Clarias guentheri;Clarias lazera;Clarias longiceps;Clarias macracanthus;Clarias malaris;Clarias microphthalmus;Clarias micropthalmus;Clarias moorii;Clarias mossambicus;Clarias muelleri;Clarias notozygurus;Clarias orontis;Clarias robecchii;Clarias smithii;Clarias syriacus;Clarias tsanensis;Clarias vinciguerrae;Clarias xenodon;Clarius gariepinus;Macropteronotus charmuth;Silurus gariepinus 
Species,Animalia,Chordata,Actinopterygii,Siluriformes,Clariidae,Clarias,ngamensis,Clarias ngamensis,"Clarias ngamensis Castelnau, 1861",Blunttooth catfish,Native,Widespread,Least concern,1,Clarias mellandi;Clarias nagamensis;Clarias prentissgrayi;Dinopterus jallae;Dinopterus pentissgrayi;Dinotopteroides prentissgrayi;Dinotopterus jallae
Species,Animalia,Chordata,Actinopterygii,Siluriformes,Clariidae,Clarias,theodorae,Clarias theodorae,"Clarias theodorae Weber, 1897",Snake catfish,Native,Widespread,Least concern,1,Clarias amplexicauda;Clarias fouloni;Clarias macrurus;Clarias theodora
Species,Animalia,Chordata,Actinopterygii,Perciformes,Cichlidae,Coptodon,rendalli,Coptodon rendalli,"Coptodon rendalli (Boulenger, 1897)",Redbreast tilapia,Native,Widespread,Least concern,1,Chromis rendallii;Tilapia christyi;Tilapia druryi;Tilapia gefuensis;Tilapia kirkhami;Tilapia latifrons;Tilapia mackeani;Tilapia melanopleura rendalli;Tilapia melanopleura swierstrae;Tilapia rendalli;Tilapia rendalli gefuensis;Tilapia rendalli rendalli;Tilapia rendalli swierstrae;Tilapia rendallis;Tilapia sexfasciata;Tilapia swierstrae;Tilapia sykesii
Species,Animalia,Chordata,Actinopterygii,Cypriniformes,Cyprinidae,Ctenopharyngodon,idella,Ctenopharyngodon idella,"Ctenopharyngodon idella (Valenciennes, 1844)",Grass carp ,Non-native,Widespread,Not evaluated,1,Ctenopharingodon idellus;Ctenopharygodon idella;Ctenopharyngodon idellos;Ctenopharyngodon laticeps;Leuciscus idellus;Leuciscus tschiliensis;Pristiodon siemionovii;Sarcocheilichthys teretiusculus
Species,Animalia,Chordata,Actinopterygii,Perciformes,Anabantidae,Ctenopoma,multispine,Ctenopoma multispine,"Ctenopoma multispine Peters, 1844",Many-spined climbing perch,Native,Widespread,Least concern,1,Anabas machadoi;Anabas multispinis;Anabas rhodesianus;Anabas vernayi;Ctenopoma machadoi;Ctenopoma multispini;Ctenopoma multispinis;Ctenopoma multispinus;Spirobranchus smithii
Species,Animalia,Chordata,Actinopterygii,Osteoglossiformes,Mormyridae,Cyphomyrus,discorhynchus,Cyphomyrus discorhynchus,"Cyphomyrus discorhynchus (Pellegrin, 1936)",Zambezi parrotfish,Non-native,Widespread,Least concern,1,Cyphomyrus cubangoensis;Cyphomyrus smithersi;Hippopotamyrus cubangoensis;Hippopotamyrus discorhynchus;Hippopotamyrus smithersi;Marcusenius cubangoensis;Marcusenius discorhynchus;Marcusenius smithersi;Marcusenius tanganicanus;Mormyrus discorhynchus;Petrocephalus discorhynchus
Species,Animalia,Chordata,Actinopterygii,Cypriniformes,Cyprinidae,Cyprinus,carpio,Cyprinus carpio,"Cyprinus carpio Linnaeus, 1758",Common carp,Non-native,Widespread,Vulnerable,1,Carpio vulgaris;Cyprinus acuminatus;Cyprinus alepidotus;Cyprinus angulatus;Cyprinus atrovirens;Cyprinus bithynicus;Cyprinus chinensis;Cyprinus cirrosus;Cyprinus conirostris;Cyprinus coriaceus;Cyprinus elatus;Cyprinus festetitsii;Cyprinus hungaricus;Cyprinus macrolepidotus;Cyprinus macrolepidotus;Cyprinus mahuensis;Cyprinus melanotus;Cyprinus nordmannii;Cyprinus nudus;Cyprinus regina;Cyprinus regius;Cyprinus rex;Cyprinus rexcyprinorum;Cyprinus rondeletii;Cyprinus specularis;Cyprinus thermalis;Cyprinus tossicole;Cyprinus viridescens;Cyprinus vittatus
Species,Animalia,Chordata,Actinopterygii,Cypriniformes,Cyprinidae,Engraulicypris ,gariepinus,Engraulicypris  gariepinus,"Engraulicypris gariepinus Barnard, 1943",,Native,Regional endemic level 2,Least concern,1,
Species,Animalia,Chordata,Actinopterygii,Cypriniformes,Cyprinidae,Engraulicypris,brevianalis,Engraulicypris brevianalis,"Engraulicypris brevianalis (Boulenger, 1908)",Hyphen barb,Native,Widespread,Least concern,1,Engraulicypris whitei;Mesobola brevianalis;Neobola brevianalis
Species,Animalia,Chordata,Actinopterygii,Cypriniformes,Cyprinidae,Enteromius,afrohamiltoni,Enteromius afrohamiltoni,"Enteromius afrohamiltoni (Crass, 1960)",Hamilton's barb,Native,Widespread,Least concern,1,Barbus afrohamiltoni;Barbus hamiltoni 
Species,Animalia,Chordata,Actinopterygii,Cypriniformes,Cyprinidae,Enteromius,amatolicus,Enteromius amatolicus,"Enteromius amatolicus (Skelton, 1990)",Amatola barb,Native,Widespread,Data deficient,1,Barbus amatolicus
Species,Animalia,Chordata,Actinopterygii,Cypriniformes,Cyprinidae,Enteromius,annectens,Enteromius annectens,"Enteromius annectens (Gilchrist & Thompson, 1917)",Broadstriped barb,Native,Widespread,Least concern,1,Barbus annectens
Species,Animalia,Chordata,Actinopterygii,Cypriniformes,Cyprinidae,Enteromius,anoplus,Enteromius anoplus,"Enteromius anoplus  (Weber, 1897)",Chubbyhead barb,Native,Widespread,Least concern,1,Barbus anoplus;Barbus anoplus anoplus;Barbus anoplus cernuus;Barbus anoplus oraniensis;Barbus anoplus typica;Barbus cernuus;Barbus karkensis
Species,Animalia,Chordata,Actinopterygii,Cypriniformes,Cyprinidae,Enteromius,argenteus,Enteromius argenteus,"Enteromius argenteus (Günther, 1868)",Rosefin barb,Non-native,Widespread,Least concern,1,Barbus argenteus;Barbus crocodilensis;Puntius argenteus
Species,Animalia,Chordata,Actinopterygii,Cypriniformes,Cyprinidae,Enteromius,bifrenatus,Enteromius bifrenatus,"Enteromius bifrenatus (Fowler, 1935)",Hyphen barb,Native,Widespread,Least concern,1,Barbus bifrenatus
Species,Animalia,Chordata,Actinopterygii,Cypriniformes,Cyprinidae,Enteromius,breviceps,Enteromius breviceps,"Enteromius breviceps (Trewavas, 1936)",Shorthead barb,Non-native,Widespread,Least concern,1,Barbus breviceps
Species,Animalia,Chordata,Actinopterygii,Cypriniformes,Cyprinidae,Enteromius,brevipinnis,Enteromius brevipinnis,"Enteromius brevipinnis (Jubb, 1966)",Shortfin barb,Native,Widespread,Near threatened,1,Barbus brevipennis;Barbus brevipinnis
Species,Animalia,Chordata,Actinopterygii,Cypriniformes,Cyprinidae,Enteromius,eutaenia,Enteromius eutaenia,"Enteromius eutaenia (Boulenger, 1904)",Orangefin barb,Native,Widespread,Least concern,1,Barbus entaenia;Barbus eutaenia
Species,Animalia,Chordata,Actinopterygii,Cypriniformes,Cyprinidae,Enteromius,gurneyi,Enteromius gurneyi,"Enteromius gurneyi (Günther, 1868)",Redtail barb,Native,Widespread,Vulnerable,1,Barbus gurneyi
Species,Animalia,Chordata,Actinopterygii,Cypriniformes,Cyprinidae,Enteromius,hospes,Enteromius hospes,"Enteromius hospes (Barnard, 1938)",Namaqua barb,Native,Regional endemic level 1,Least concern,1,
Species,Animalia,Chordata,Actinopterygii,Cypriniformes,Cyprinidae,Enteromius,kerstenii,Enteromius kerstenii,"Enteromius kerstenii (Peters, 1868)",Redspot barb,Non-native,Widespread,Least concern,1,Barbus akeleyi;Barbus kerstenii;Barbus kerstenii kerstenii;Barbus lumiensis;Barbus minchinii;Barbus nigrolinea;Barbus salmo;Barbus tangandensis;Barbus zanzibaricus paucior;Labeobarbus kerstenii
Species,Animalia,Chordata,Actinopterygii,Cypriniformes,Cyprinidae,Enteromius,lineomaculatus,Enteromius lineomaculatus,"Enteromius lineomaculatus (Boulenger, 1903)",Line-spotted barb,Native,Widespread,Least concern,1,Barbus lineamaculatus;Barbus lineomaculatus;Barbus lineomaculatus lineomaculatus;Puntius lineomaculatus
Species,Animalia,Chordata,Actinopterygii,Cypriniformes,Cyprinidae,Enteromius,mattozi,Enteromius mattozi,"Enteromius mattozi (Guimaraes, 1884)",Papermouth,Native,Widespread,Least concern,1,Barbus mattozi;Barbus mottozi;Barbus rapax;Barbus sauvagei;Barbus serrula
Species,Animalia,Chordata,Actinopterygii,Cypriniformes,Cyprinidae,Enteromius,motebensis,Enteromius motebensis,"Enteromius motebensis (Steindachner, 1894)",Marico barb,Native,Widespread,Near threatened,1,Barbus kamaia;Barbus kamaiae;Barbus motebensis kamaiae;Barbus motebensis motebensis
Species,Animalia,Chordata,Actinopterygii,Cypriniformes,Cyprinidae,Enteromius,neefi,Enteromius neefi,"Enteromius neefi (Greenwood, 1962)",Sidespot barb,Non-native,Widespread,Least concern,1,Barbus neefi 
Species,Animalia,Chordata,Actinopterygii,Cypriniformes,Cyprinidae,Enteromius,pallidus,Enteromius pallidus,"Enteromius pallidus (Smith, 1841)",Goldie barb,Native,Widespread,Least concern,1,Barbus hemipleurogramma;Barbus pallidus
Species,Animalia,Chordata,Actinopterygii,Cypriniformes,Cyprinidae,Enteromius,paludinosus,Enteromius paludinosus,"Enteromius paludinosus (Peters, 1852)",Straightfin barb,Native,Widespread,Least concern,1,Barbus akakianus;Barbus amphigramma;Barbus gibbosus;Barbus helleri;Barbus ivongoensis;Barbus longicauda;Barbus macropristis;Barbus macropristis meruensis;Barbus meruensis;Barbus paludinosis;Barbus paludinosus;Barbus paludonosus;Barbus taitensis;Barbus thikensis;Barbus tsotsorogensis;Barbus vinciguerrai;Barbus welwitschii;Puntius paludinosus
Species,Animalia,Chordata,Actinopterygii,Cypriniformes,Cyprinidae,Enteromius,radiatus,Enteromius radiatus,"Enteromius radiatus (Peters, 1853)",Beira barb,Native,Widespread,Least concern,1,Barbus akavangoensis;Barbus aurantiacus;Barbus auxartiacus;Barbus banguelensis;Barbus bangwelensis;Barbus doggetti;Barbus myersi;Barbus okavangoensis;Barbus palustris;Barbus paradoxus;Barbus radiatus;Barbus radiatus;Barbus radiatus aurantiacus;Barbus radiatus radiatus;Barbus rogersi;Barbus rubellus;Beirabarbus aurantiacus;Beirabarbus okavangoensis;Beirabarbus palustris
Species,Animalia,Chordata,Actinopterygii,Cypriniformes,Cyprinidae,Enteromius,thamalakanensis,Enteromius thamalakanensis,"Enteromius thamalakanensis (Fowler, 1935)",Thamalakane barb,Non-native,Widespread,Least concern,1,Barbus fitzsimonsi;Barbus thamalakanensis;Barbus thamalakenensis 
Species,Animalia,Chordata,Actinopterygii,Cypriniformes,Cyprinidae,Enteromius,toppini,Enteromius toppini,"Enteromius toppini (Boulenger, 1916)",East-coast barb,Native,Widespread,Least concern,1,Barbus toppini;Barbus umbeluziensis 
Species,Animalia,Chordata,Actinopterygii,Cypriniformes,Cyprinidae,Enteromius,treurensis,Enteromius treurensis,"Enteromius treurensis (Groenewald, 1958)",Treur River barb,Native,Micro-endemic level 2,Critically endangered,1,Barbus treurensis
Species,Animalia,Chordata,Actinopterygii,Cypriniformes,Cyprinidae,Enteromius,trimaculatus,Enteromius trimaculatus,"Enteromius trimaculatus (Peters, 1852)",Threespot barb,Native,Widespread,Least concern,1,Barbus breijeri;Barbus decipiens;Barbus katangae;Barbus kurumani;Barbus trimaculatus 
Species,Animalia,Chordata,Actinopterygii,Cypriniformes,Cyprinidae,Enteromius,unitaeniatus,Enteromius unitaeniatus,"Enteromius unitaeniatus (Günther, 1866)",Longbeard barb,Native,Widespread,Least concern,1,Barbodes unitaeniatus;Barbus incomoides;Barbus inermoides;Barbus labialis;Barbus macrurus;Barbus unitaeniatus;Puntius unitaeniatus
Species,Animalia,Chordata,Actinopterygii,Cypriniformes,Cyprinidae,Enteromius,viviparus,Enteromius viviparus,"Enteromius viviparus (Weber, 1897)",Bowstripe barb,Native,Widespread,Least concern,1,Barbus viviparus;Puntius viviparus
Species,Animalia,Chordata,Actinopterygii,Osmeriformes,Galaxiidae,Galaxias,zebratus,Galaxias zebratus,"Galaxias zebratus (Castelnau, 1861)",Cape galaxias,Native,Regional endemic level 1,Data deficient ,2,Agalaxis punctifer;Agalaxis zebratus;Cobitis punctifer;Cobitis zebrata;Galaxias africanus;Galaxias capensis;Galaxias dubius;Galaxias punctifer;Paragalaxias zebratus
Species,Animalia,Chordata,Actinopterygii,Cyprinodontiformes,Poeciliidae,Gambusia,affinis,Gambusia affinis,"Gambusia affinis (Baird & Girard, 1853)",Mosquitofish,Non-native,Widespread,Least concern,1,Fundulus inurus;Gambusia gracilis;Gambusia humilis;Gambusia patruelis;Haplochilus melanops;Heterandria affinis;Heterandria patruelis;Zygonectes brachypterus;Zygonectes gracilis;Zygonectes inurus;Zygonectes patruelis
Species,Animalia,Chordata,Actinopterygii,Characiformes,Characidae,Hydrocynus,vittatus,Hydrocynus vittatus,"Hydrocynus vittatus Castelnau, 1861",Tigerfish,Native,Widespread,Least concern,1,Hydrocinus vittatus;Hydrocion lineatus;Hydrocynus lineatus;Hydrocyon lineatus;Hydrocyon vittatus
Species,Animalia,Chordata,Actinopterygii,Cypriniformes,Cyprinidae,Hypophthalmichthys,molitrix,Hypophthalmichthys molitrix,"Hypophthalmichthys molitrix (Valenciennes, 1844)",Silver carp ,Non-native,Widespread,Near threatened,1,Abramocephalus microlepis;Cephalus mantschuricus;Hypophthalmichthys dabry;Hypophthalmichthys dabryi;Hypophthalmichthys dybowskii;Hypophthalmichthys microlepis;Hypopthalmichthys molitrix;Hypothalmichthys molitrix;Hypothamicthys molitrix;Leuciscus hypophthalmus;Leuciscus molitrix;Onychodon mantschuricus
Species,Animalia,Chordata,Actinopterygii,Gonorynchiformes,Kneriidae,Kneria,auriculata,Kneria auriculata,"Kneria auriculata (Pellegrin, 1905)",Southern kneria,Non-native,Widespread,Least concern,1,Kneria articulata;Kneria autriculata;Xenopomatichthys auricularis;Xenopomatichthys auriculatus;Xenopomichthys auriculatus
Species,Animalia,Chordata,Actinopterygii,Cypriniformes,Cyprinidae,Labeo,ansorgii,Labeo ansorgii,"Labeo ansorgii Boulenger, 1907",Cunene labeo,Non-native,Widespread,Least concern,1,Labeo rocadasii
Species,Animalia,Chordata,Actinopterygii,Cypriniformes,Cyprinidae,Labeo,capensis,Labeo capensis,"Labeo capensis (Smith, 1841)",Orange River mudfish,Native,Regional endemic level 2,Least concern,1,Abrostomus capensis;Labeo tenuirostris
Species,Animalia,Chordata,Actinopterygii,Cypriniformes,Cyprinidae,Labeo,congoro,Labeo congoro,"Labeo congoro Peters, 1852",Purple labeo / Purple Mudsucker,Native,Widespread,Least concern,1,Labeo rubropunctatus;Labeo ulangensis
Species,Animalia,Chordata,Actinopterygii,Cypriniformes,Cyprinidae,Labeo,cylindricus,Labeo cylindricus,"Labeo cylindricus Peters, 1852",Redeye labeo / African Carp,Native,Widespread,Least concern,1,Labeo darlingi;Labeo kilossae;Labeo kilossana;Labeo loveridgei;Labeo montanus;Labeo parvulus;Tylognathus cantini;Tylognathus montanus
Species,Animalia,Chordata,Actinopterygii,Cypriniformes,Cyprinidae,Labeo,molybdinus,Labeo molybdinus,"Labeo molybdinus du Plessis, 1963",Leaden labeo,Native,Widespread,Least concern,1,
Species,Animalia,Chordata,Actinopterygii,Cypriniformes,Cyprinidae,Labeo,rosae,Labeo rosae,"Labeo rosae Steindachner, 1894",Rednose labeo,Native,Widespread,Least concern,1,
Species,Animalia,Chordata,Actinopterygii,Cypriniformes,Cyprinidae,Labeo,rubromaculatus,Labeo rubromaculatus,"Labeo rubromaculatus Gilchrist & Thompson, 1913",Tugela labeo,Native,Micro-endemic level 1,Vulnerable,1,
Species,Animalia,Chordata,Actinopterygii,Cypriniformes,Cyprinidae,Labeo,ruddi,Labeo ruddi,"Labeo ruddi Boulenger, 1907",Silver labeo,Native,Widespread,Data deficient,1,
Species,Animalia,Chordata,Actinopterygii,Cypriniformes,Cyprinidae,Labeo,seeberi,Labeo seeberi,"Labeo seeberi Gilchrist & Thompson, 1911",Clanwilliam sandfish,Native,Regional endemic level 2,Endangered,1,
Species,Animalia,Chordata,Actinopterygii,Cypriniformes,Cyprinidae,Labeo,umbratus,Labeo umbratus,"Labeo umbratus (Smith, 1841)",Moggel,Native,Widespread,Least concern,1,Abrostomus umbratus;Labeo cafer;Labeo sicheli;Labeo stenningi
Species,Animalia,Chordata,Actinopterygii,Cypriniformes,Cyprinidae,Labeobarbus,aeneus,Labeobarbus aeneus,"Labeobarbus aeneus (Burchell, 1822)",Vaal-Orange smallmouth yellowfish,Native,Regional endemic level 2,Least concern,1,Barbus aeneus;Barbus gilchristi;Barbus holubi;Barbus mentalis;Cyprinus aeneus
Species,Animalia,Chordata,Actinopterygii,Cypriniformes,Cyprinidae,Labeobarbus,dimidiatus,Labeobarbus dimidiatus,"Labeobarbus dimidiatus Tweddle & Skelton, 1998",Blacktop chiselmouth,Non-native,Widespread,Not evaluated,1,Varicorhinus dimidiatus
Species,Animalia,Chordata,Actinopterygii,Cypriniformes,Cyprinidae,Labeobarbus,kimberleyensis,Labeobarbus kimberleyensis,"Labeobarbus kimberleyensis Gilchrist & Thompson, 1913",Vaal-Orange largemouth yellowfish,Native,Regional endemic level 2,Near threatened,1,Barbus kimberleyensis;Barbus pienaarti 
Species,Animalia,Chordata,Actinopterygii,Cypriniformes,Cyprinidae,Labeobarbus,marequensis,Labeobarbus marequensis,"Labeobarbus marequensis Smith, 1841",Lowveld largescale yellowfish,Native,Widespread,Least concern,1,Barbus brucii;Barbus brucii gunningi;Barbus cookii;Barbus dwaarsensis;Barbus fairbairnii;Barbus gunningi;Barbus inermis;Barbus marequensis;Barbus nasutus;Barbus rhodesianus;Barbus sabiensis;Barbus sector;Barbus swierstrae;Barbus victoriae;Barbus zambezensis;Labeobarbus zambezensis;Varicorhinus brucii;Varicorhinus nasutus
Species,Animalia,Chordata,Actinopterygii,Cypriniformes,Cyprinidae,Labeobarbus,natalensis,Labeobarbus natalensis,"Labeobarbus natalensis Castelnau, 1861",Scaly Kwa-Zulu Natal yellowfish,Native,Regional endemic level 1,Least concern,1,Barbus aureus;Barbus bowkeri;Barbus dendrotrachelus;Barbus grouti;Barbus lobochilus;Barbus marleyi;Barbus mfongosi;Barbus natalensis;Barbus robinsoni;Barbus stigmaticus;Barbus tugelensis;Barbus zuluensis;Labeobarbus aureus
Species,Animalia,Chordata,Actinopterygii,Cypriniformes,Cyprinidae,Labeobarbus,nelspruitensis,Labeobarbus nelspruitensis,"Labeobarbus nelspruitensis (Gilchrist & Thompson, 1911)",Incomati chiselmouth,Native,Regional endemic level 1,Near threatened,1,Varicorhinus nelspruitensis
Species,Animalia,Chordata,Actinopterygii,Cypriniformes,Cyprinidae,Labeobarbus,polylepis,Labeobarbus polylepis,"Labeobarbus polylepis Boulenger, 1907",Bushveld smallscale yellowfish,Native,Regional endemic level 1,Least concern,1,Barbus elephantis;Barbus lineolatus;Barbus polylepis
Species,Animalia,Chordata,Actinopterygii,Cypriniformes,Cyprinidae,Labeobarbus,seeberi,Labeobarbus seeberi,"Labeobarbus seeberi  (Gilchrist & Thompson, 1913)",Clanwilliam yellowfish,Native,Regional endemic level 1,Near threatened,1,Barbus seeberi;Labeobarbus capensis
Species,Animalia,Chordata,Actinopterygii,Cyprinodontiformes,Poeciliidae,Lacustricola,katangae,Lacustricola katangae,"Lacustricola katangae (Boulenger, 1912)",Striped topminnow,Native,Widespread,Least concern,2,Aplocheilichthys carlislei;Aplocheilichthys katangae;Aplocheilichthys luluae;Aplocheilus luluae;Haplochilichthys katangae;Haplochilus carlislei;Haplochilus katangae;Haplochilus luluae;Micropanchax katangae;Micropanchax luluae
Species,Animalia,Chordata,Actinopterygii,Cyprinodontiformes,Poeciliidae,Lacustricola,myaposae,Lacustricola myaposae,"Lacustricola myaposae (Boulenger, 1912)",Natal topminnow,Native,Regional endemic level 1,Near threatened,2,Aplocheilichthys myaposae;Haplochilichthys myaposae;Haplochilus myaposae;Micropanchax myaposae
Species,Animalia,Chordata,Actinopterygii,Perciformes,Centrarchidae,Lepomis,macrochirus,Lepomis macrochirus,"Lepomis macrochirus Rafinesque, 1819",Bluegill sunfish ,Non-native,Widespread,Least concern,1,Eupomotis macrochirus
Species,Animalia,Chordata,Actinopterygii,Osteoglossiformes,Mormyridae,Marcusenius,caudisquamatus,Marcusenius caudisquamatus,"Marcusenius caudisquamatus Maake, Gon & Swartz, 2014",,Native,Micro-endemic level 1,Endangered,1,
Species,Animalia,Chordata,Actinopterygii,Osteoglossiformes,Mormyridae,Marcusenius,krameri,Marcusenius krameri,"Marcusenius krameri Maake, Gon & Swartz, 2014",,Native,Widespread,Least concern,1,
Species,Animalia,Chordata,Actinopterygii,Osteoglossiformes,Mormyridae,Marcusenius,macrolepidotus,Marcusenius macrolepidotus,"Marcusenius macrolepidotus (Peters, 1852)",Bulldog,Non-native,Widespread,Least concern,1,Gnathonemus graeverti;Gnathonemus macrolepidotus;Gnathonemus macrolepidotus macrolepidotus;Gnathonemus moeruensis;Gnathonemus okavangensis;Gnathonemus rhodesianus;Hippopotamyrus macrolepidotus;Marcusenius graeverti;Marcusenius macrolepidotus macrolepidotus;Marcusenius moeruensis;Marcusenius rhodesianus;Mormyrops macrolepidotus;Mormyrus macrolepidotus
Species,Animalia,Chordata,Actinopterygii,Osteoglossiformes,Mormyridae,Marcusenius,pongolensis,Marcusenius pongolensis,"Marcusenius pongolensis (Fowler, 1934)",,Native,Widespread,Least concern,1,Gnathonemus pongolensis
Species,Animalia,Chordata,Actinopterygii,Synbranchiformes,Mastacembelidae,Mastacembelus,frenatus,Mastacembelus frenatus,"Mastacembelus frenatus (Boulenger, 1901)",Longtail spinyeel,Non-native,Widespread,Least concern,1,Caecomastacembelus frenatus;Aethiomastacembelus frenatus;Aethiomastacembelus moeruensis;Aethiomastacembelus stappersii;Afromastacembelus frenatus;Afromastacembelus moeruensis;Afromastacembelus stappersii;Athieomastacembelus frenatus;Caecomastacembelus frenatus;Caecomastacembelus stappersii;Mastacembalus mellandi;Mastacembalus moeruensis;Mastacembelus mellandi;Mastacembelus moeruensis;Mastacembelus mutombotombo;Mastacembelus stappersi;Mastacembelus taeniatus;Mastacembelus thompsoni;Mastacembelus victoriae
Species,Animalia,Chordata,Actinopterygii,Elopiformes,Megalopidae,Megalops,cyprinoides,Megalops cyprinoides,"Megalops cyprinoides (Broussonet, 1782)",Oxeye tarpon,Native,Widespread,Data deficient,3,Brisbania staigeri;Clupea cyprinoides;Clupea gigantea;Clupea thrissoides;Cyprinodon cundinga;Elops cundinga;Elops cyprinoides;Magalops cyprinoides;Megalops cundinga;Megalops curtifilis;Megalops cyoprinoides;Megalops filamentosus;Megalops giganteus;Megalops indicus;Megalops kundinga;Megalops macrophthalmus;Megalops macropterus;Megalops oligolepis;Megalops setipinnis
Species,Animalia,Chordata,Actinopterygii,Characiformes,Characidae,Micralestes,acutidens,Micralestes acutidens,"Micralestes acutidens  (Peters, 1852)",Silver robber,Native,Widespread,Least concern,1,Alestes acutidens;Brachyalestes acutidens;Micralestes acutidens neglectus;Micralestes brevianalis;Micralestes luluae;Micralestes neglectus;Petersius neglectus;Virilia brevianalis
Species,Animalia,Chordata,Actinopterygii,Perciformes,Anabantidae,Microctenopoma,intermedium,Microctenopoma intermedium,"Microctenopoma intermedium (Pellegrin, 1920)",Blackspot climbing perch,Native,Widespread,Least concern,1,Anabas intermedius;Ctenopoma intermedium
Species,Animalia,Chordata,Actinopterygii,Cyprinodontiformes,Poeciliidae,Micropanchax,johnstoni,Micropanchax johnstoni,"Micropanchax johnstoni Ghedotti, 2000",Johnston's topminnow,Native,Widespread,Least concern,2,Aplocheilichthys johnstoni;Aplocheilus johnstoni;Haplochilichthys johnstoni;Haplochilus johnstoni
Species,Animalia,Chordata,Actinopterygii,Perciformes,Centrarchidae,Micropterus,dolomieu,Micropterus dolomieu,"Micropterus dolomieu  Lacepède, 1802",Smallmouth bass,Non-native,Widespread,Least concern,1,Bodianus achigan;Centrarchus fasciatus;Cichla fasciata;Cichla minima 
Species,Animalia,Chordata,Actinopterygii,Perciformes,Centrarchidae,Micropterus,floridanus,Micropterus floridanus,"Micropterus floridanus  Lesueur, 1822",Florida bass,Non-native,Widespread,Not evaluated,1,Cichla floridana;Micropterus salmoides subsp. floridanus
Species,Animalia,Chordata,Actinopterygii,Perciformes,Centrarchidae,Micropterus,punctulatus,Micropterus punctulatus,"Micropterus punctulatus (Rafinesque, 1819)",Spotted bass,Non-native,Widespread,Least concern,1,Calliurus punctulatus
Species,Animalia,Chordata,Actinopterygii,Perciformes,Centrarchidae,Micropterus,salmoides,Micropterus salmoides,"Micropterus salmoides (Lacepède, 1802)",Largemouth bass,Non-native,Widespread,Least concern,1,Aplites salmoides;Grystes megastoma;Grystes nigricans;Grystes nuecensis;Grystes salmoides;Huro nigricans;Huro salmoides;Labrus salmoides;Perca nigricans
Species,Animalia,Chordata,Actinopterygii,Cyprinodontiformes ,Aplocheilidae,Nothobranchius,orthonotus,Nothobranchius orthonotus,"Nothobranchius orthonotus (Peters, 1844)",Spotted killifish,Native,Widespread,Least concern,2,Adinias troemneri;Adiniops troemneri;Cyprinodon orthonotus;Fundulus mkuziensis;Fundulus orthonotus;Hydrargyra maculata;Nothobranchius maculatus;Nothobranchius mayeri;Nothobranchius mkuziensis;Nothobranchius troemneri;Notobranchius mayeri;Notobranchius orthonotus
Species,Animalia,Chordata,Actinopterygii,Cyprinodontiformes ,Aplocheilidae,Nothobranchius,pienaari ,Nothobranchius pienaari ,"Nothobranchius pienaari Schidlovskiy, Watters & Wildekamp, 2010",,Native,Widespread,Least concern,2,
Species,Animalia,Chordata,Actinopterygii,Cyprinodontiformes ,Aplocheilidae,Nothobranchius,rachovii,Nothobranchius rachovii,"Nothobranchius rachovii Ahl, 1926",Rainbow killifish,Native,Widespread,Least concern,2,Adiniops rachovi;Nothobranchius rachowi;Notobranchius rachovii
Species,Animalia,Chordata,Actinopterygii,Salmoniformes,Salmonidae,Oncorhynchus,mykiss,Oncorhynchus mykiss,"Oncorhynchus mykiss (Walbaum, 1792)",Rainbow trout,Non-native,Widespread,Not evaluated,1,Oncorhynchus myskis;Oncorhynchus penshinensis;Parasalmo mykiss;Parasalmo penshinensis;Salmo gairdneri gairdneri;Salmo gairdneri kamloops;Salmo gairdneri shasta;Salmo gairdnerii;Salmo gairdnerii irideus;Salmo gibbsii;Salmo gilberti;Salmo iridea;Salmo irideus argentatus;Salmo irideux;Salmo kamloops;Salmo kamloops whitehousei;Salmo masoni;Salmo mykiss;Salmo nelsoni;Salmo penshinensis;Salmo purpuratus;Salmo rivularis;Salmo rivularis kamloops;Salmo truncatus;Trutta iridea
Species,Animalia,Chordata,Actinopterygii,Cypriniformes,Cyprinidae,Opsaridium,peringueyi,Opsaridium peringueyi,"Opsaridium peringueyi (Gilchrist & Thompson, 1913)",Southern barred minnow,Native,Widespread,Extinct,1,Barilius peringueyi 
Species,Animalia,Chordata,Actinopterygii,Cypriniformes,Cyprinidae,Opsaridium,zambezense,Opsaridium zambezense,"Opsaridium zambezense (Peters, 1852)",Barred minnow,Non-native,Widespread,Least concern,1,Barilius neavii;Barilius stephensoni;Barilius stevensoni;Barilius zambesensis;Barilius zambezensis;Leuciscus zambezensis;Opsaridium zambezensis
Species,Animalia,Chordata,Actinopterygii,Perciformes,Cichlidae,Oreochromis,andersonii,Oreochromis andersonii,"Oreochromis andersonii (Castelnau, 1861)",Threespot tilapia,Non-native,Widespread,Vulnerable,2,Chromys andersonii;Oreochromis anderson;Oreochromis anulerson;Sarotherodon andersonii;Tilapia andersonii;Tilapia kafuensis 
Species,Animalia,Chordata,Actinopterygii,Perciformes,Cichlidae,Oreochromis,aureus,Oreochromis aureus,"Oreochromis aureus (Steindachner, 1864)",Blue Tilapia,Non-native,Widespread,Least concern,2,Chromis aureus;Oreochromis auraeus;Sarotherodon aureum;Tilapia aurea;Tilapia aurea exul;Tilapia kacherbi;Tilapia kashabi;Tilapia lemassoni;Tilapia monodi;Tilapia nilotica exul 
Species,Animalia,Chordata,Actinopterygii,Perciformes,Cichlidae,Oreochromis,mortimeri,Oreochromis mortimeri,"Oreochromis mortimeri (Trewavas, 1966)",Kariba tilapia,Non-native,Widespread,Critically Endangered,2,Sarotherodon mortimeri;Sarotherodon mossambicus mortimeri;Tilapia mortimeri;Tilapia mossambica mortimeri
Species,Animalia,Chordata,Actinopterygii,Perciformes,Cichlidae,Oreochromis,mossambicus,Oreochromis mossambicus,"Oreochromis mossambicus (Peters, 1852)",Mozambique tilapia,Native,Widespread,Vulnerable,2,Chromis dumerilii;Chromis mossambicus;Chromis natalensis;Chromis niloticus mossambicus;Chromis vorax;Cromis mossambicus;Orechromis mossambica;Oreochromis mozambica;Sarotherodon mossambicus;Sarotherodon mossambicus natalensis;Sarothredon mossambica;Telapia mossambica;Tilapia arnoldi;Tilapia dumerilii;Tilapia mosambica;Tilapia mossambica mossambica;Tilapia mozambique;Tilapia natalensis;Tilapia vorax 
Species,Animalia,Chordata,Actinopterygii,Perciformes,Cichlidae,Oreochromis,niloticus,Oreochromis niloticus,"Oreochromis niloticus (Linnaeus, 1758)",Nile tilapia,Non-native,Widespread,Oreochromis niloticus,2,Oreochromis vulcani;Perca nilotica;Sarotherodon niloticus;Tilapia calciati;Tilapia cancellata;Tilapia crassispina;Tilapia eduardiana;Tilapia esduardiana;Tilapia inducta;Tilapia nilotica;Tilapia nilotica cancellata;Tilapia nilotica eduardiana;Tilapia nilotica nilotica;Tilapia nilotica regani;Tilapia nilotious;Tilapia regani;Tilapia vulcani;Chromis guentheri;Chromis nilotica;Oreochromis cancellatus cancellatus;Oreochromis cancellatus filoa;Oreochromis nilotica filoa;Oreochromis nilotics
Species,Animalia,Chordata,Actinopterygii,Perciformes,Cichlidae,Oreochromis,placidus,Oreochromis placidus,"Oreochromis placidus (Trewavas, 1941)",Black tilapia,Native,Widespread,Least concern,2,Sarotherodon placidus;Sarotherodon ruvumae;Tilapia placida;Tilapia ruvumae
Species,Animalia,Chordata,Actinopterygii,Perciformes,Percidae,Perca,fluviatilis,Perca fluviatilis,"Perca fluviatilis Linnaeus, 1758",European perch ,Non-native,Widespread,Least concern,1,Perca fluviatilis gracilisPerca fluviatilis intermediusPerca fluviatilis macedonicaPerca fluviatilis maculataPerca fluviatilis nigrescensPerca fluviatilis phragmitetiPerca fluviatilis zaissanicaPerca fluviatilusPerca helvetica Perca italicaPerca vulgarisPerca vulgarisPerca vulgarisPerca vulgaris aurata
Species,Animalia,Chordata,Actinopterygii,Osteoglossiformes,Mormyridae,Petrocephalus,catostoma,Petrocephalus catostoma,"Petrocephalus catostoma (Günther, 1866)",Churchill,Non-native,Widespread,Least concern,1,Mormyrus catostoma;Petrocephalus catastoma
Species,Animalia,Chordata,Actinopterygii,Osteoglossiformes,Mormyridae,Petrocephalus,wesselsi,Petrocephalus wesselsi,"Petrocephalus wesselsi (Kramer & van der Bank, 2000)",Southern churchill,Native,Widespread,Least concern,1,
Species,Animalia,Chordata,Actinopterygii,Cyprinodontiformes,Poeciliidae,Poecilia,reticulata,Poecilia reticulata,"Poecilia reticulata  Peters, 1859",Guppy ,Non-native,Widespread,Not evaluated,2,Acanthophacelus guppii;Acanthophacelus reticulatus;Girardinus guppii;Girardinus reticulatus;Haridichthys reticulatus;Heterandria guppyi;Lebistes poecilioides;Lebistes poeciloides;Lebistes reticulatus;Pocilia reticulata;Poecilia reticulate;Poeciliodes reticulatus;Poecilioides reticulatus
Species,Animalia,Chordata,Actinopterygii,Cypriniformes,Cyprinidae,Pseudobarbus,afer,Pseudobarbus afer,"Pseudobarbus afer (Peters, 1864)",Eastern Cape redfin,Native,Micro-endemic level 1,Endangered,1,Barbus afer
Species,Animalia,Chordata,Actinopterygii,Cypriniformes,Cyprinidae,Pseudobarbus,asper,Pseudobarbus asper,"Pseudobarbus asper (Boulenger, 1911)",Smallscale redfin,Native,Regional endemic level 2,Vulnerable,1,Barbus asper
Species,Animalia,Chordata,Actinopterygii,Cypriniformes,Cyprinidae,Pseudobarbus,burchelli,Pseudobarbus burchelli,"Pseudobarbus burchelli (Smith, 1841)",Breede River redfin,Native,Micro-endemic level 1,Critically endangered,1,Barbus burchelli;Barbus gobionides;Barbus multimaculatus;Barbus vulneratus;Gnatendalia vulnerata
Species,Animalia,Chordata,Actinopterygii,Cypriniformes,Cyprinidae,Pseudobarbus,burgi,Pseudobarbus burgi,"Pseudobarbus burgi (Boulenger, 1911)",Berg River redfin,Native,Regional endemic level 2,Endangered,1,Barbus bergi;Barbus burgi
Species,Animalia,Chordata,Actinopterygii,Cypriniformes,Cyprinidae,Pseudobarbus,calidus,Pseudobarbus calidus,"Pseudobarbus calidus (Barnard, 1938)",Clanwilliam redfin,Native,Regional endemic level 2,Near threatened,1,Barbus calidus
Species,Animalia,Chordata,Actinopterygii,Cypriniformes,Cyprinidae,Pseudobarbus,capensis,Pseudobarbus capensis,"Pseudobarbus capensis (Smith, 1841)",Berg-breede river whitefish,Native,Regional endemic level 1,Endangered,1,Barbus andrewi;Barbus capensis;Pseudobarbus andrewi
Species,Animalia,Chordata,Actinopterygii,Cypriniformes,Cyprinidae,Pseudobarbus,erubescens,Pseudobarbus erubescens,"Pseudobarbus erubescens (Skelton, 1974)",Twee river redfin,Native,Micro-endemic level 1,Critically endangered,1,Barbus erubescens
Species,Animalia,Chordata,Actinopterygii,Cypriniformes,Cyprinidae,Pseudobarbus,phlegethon,Pseudobarbus phlegethon,"Pseudobarbus phlegethon (Barnard, 1938)",Fiery redfin,Native,Micro-endemic level 1,Endangered,1,Barbus phlegethon;Barbus phlegetun
Species,Animalia,Chordata,Actinopterygii,Cypriniformes,Cyprinidae,Pseudobarbus,quathlambae,Pseudobarbus quathlambae,"Pseudobarbus quathlambae (Barnard, 1938)",Maloti minnow,Native,Micro-endemic level 1,Endangered,1,Labeo quathlambae;Oreodaimon quathlambae
Species,Animalia,Chordata,Actinopterygii,Cypriniformes,Cyprinidae,Pseudobarbus,serra,Pseudobarbus serra,"Pseudobarbus serra (Peters, 1864)",Sawfin,Native,Micro-endemic level 1,Near threatened,1,Barbus serra
Species,Animalia,Chordata,Actinopterygii,Cypriniformes,Cyprinidae,Pseudobarbus,skeltoni,Pseudobarbus skeltoni,Pseudobarbus skeltoni Chakona and Swartz 2013,Giant redfin,Native,Micro-endemic level 1,Endangered,1,
Species,Animalia,Chordata,Actinopterygii,Cypriniformes,Cyprinidae,Pseudobarbus,swartzi,Pseudobarbus swartzi,"Pseudobarbus swartzi Chakona & Skelton, 2017",Gamtoos redfin,Native,Micro-endemic level 2,Vulnerable,1,
Species,Animalia,Chordata,Actinopterygii,Cypriniformes,Cyprinidae,Pseudobarbus,tenuis,Pseudobarbus tenuis,"Pseudobarbus tenuis (Barnard, 1938)",Slender redfin,Native,Regional endemic level 1,Near threatened,1,Barbus tenuis
Species,Animalia,Chordata,Actinopterygii,Cypriniformes,Cyprinidae,Pseudobarbus,trevelyani,Pseudobarbus trevelyani,"Pseudobarbus trevelyani Günther, 1877",Border barb,Native,Regional endemic level 1,Endangered,1,Barbus brookingi;Barbus trevelyani
Species,Animalia,Chordata,Actinopterygii,Cypriniformes,Cyprinidae,Pseudobarbus,verloreni,Pseudobarbus verloreni,"Pseudobarbus verloreni Chakona, Swartz & Skelton, 2014",,Native,Micro-endemic level 2,Endangered,1,
Species,Animalia,Chordata,Actinopterygii,Perciformes,Cichlidae,Pseudocrenilabrus,philander,Pseudocrenilabrus philander,"Pseudocrenilabrus philander (Weber, 1897)",Southern mouthbrooder,Native,Widespread,Least concern,2,Chromis philander;Haplochromis philander;Haplochromis philander dispersus;Haplochromis philander luebberti;Haplochromis philander philander;Hemihaplochromis philander;Hemihaplochromis philander dispersus;Paratilapia luebberti;Pseudocrenilabrus natalensis;Tilapia ellenbergeri;Tilapia ovalis;Tilapia philander
Species,Animalia,Chordata,Actinopterygii,Salmoniformes,Salmonidae,Salmo,trutta,Salmo trutta,"Salmo trutta Linnaeus, 1758",Brown trout,Non-native,Widespread,Least concern,1,Salmo truttula;Salmo venernensis;Trutta fario;Trutta fluviatilis;Trutta lacustris;Trutta marina;Trutta marina;Trutta salmanata;Trutta salmonata;Trutta trutta;Trutta variabilis;Fario argenteus;Fario lacustris;Fario trutta;Salar ausonii;Salar ausonii parcepunctata;Salar ausonii semipunctata;Salar ausonii parcepunctata;Salar ausonii semipunctata;Salar bailloni;Salar gaimardi;Salar spectabilis;Salmo albus;Salmo albus;Salmo brachypoma;Salmo caecifer;Salmo cambricus;Salmo cornubiensis;Salmo cumberland;Salmo eriox;Salmo estuarius;Salmo fario;Salmo fario loensis;Salmo fario major;Salmo fario forestensis;Salmo faris;Salmo faris forestensis;Salmo faris forestensis;Salmo gadoides;Salmo gallivensis;Salmo illanca;Salmo islayensis;Salmo lacustris;Salmo lacustris rhenana;Salmo lacustris romanovi;Salmo lacustris septentrionalis;Salmo lemanus;Salmo levenensis;Salmo mistops;Salmo montana;Salmo orcadensis;Salmo orientalis;Salmo oxianus;Salmo phinoc;Salmo polyosteus;Salmo rappii;Salmo saxatilis;Salmo spurius;Salmo stroemii;Salmo sylvaticus;Salmo taurinus
Species,Animalia,Chordata,Actinopterygii,Salmoniformes,Salmonidae,Salvelinus,fontinalis,Salvelinus fontinalis,"Salvelinus fontinalis (Mitchill, 1815)",Brook trout ,Non-native,Widespread,Not evaluated,1,Baione fontinalis;Salmo canadensis;Salmo fontinalis;Salmo hudsonicus;Salvelinus timagamiensis
Species,Animalia,Chordata,Actinopterygii,Perciformes,Anabantidae,Sandelia,bainsii,Sandelia bainsii,"Sandelia bainsii Castelnau, 1861",Eastern Cape rocky,Native,Widespread,Endangered,1,Anabas bainsii;Ctenopoma microlepidotum;Spirobranchus bainsii 
Species,Animalia,Chordata,Actinopterygii,Perciformes,Anabantidae,Sandelia,capensis,Sandelia capensis,"Sandelia capensis (Cuvier, 1829)",Cape kurper,Native,Regional endemic level 1,Data deficient ,1,Anabas capensis;Anabas vicinus;Sandelia vicina;Sardelia capensis;Spirobranchus capensis
Species,Animalia,Chordata,Actinopterygii,Perciformes,Cichlidae,Sargochromis,mortimeri,Sargochromis mortimeri,"Sargochromis mortimeri (Bell-Cross, 1975)",Mortimer's bream / Kafue bream,Non-native,Widespread,Least concern,2,Haplochromis mortimeri;Serranochromis mortimeri
Species,Animalia,Chordata,Actinopterygii,Siluriformes,Schilbeidae,Schilbe,intermedius,Schilbe intermedius,"Schilbe intermedius Rüppell, 1832",Butter catfish,Native,Widespread,Least concern,1,Eutropius lemairii;Schilbe dispila;Schilbe palmeri;Schilbe senegalensis;Schilbe senegalensis fasciata;Schilbe senegallus
Species,Animalia,Chordata,Actinopterygii,Perciformes,Cichlidae,Serranochromis,macrocephalus,Serranochromis macrocephalus,"Serranochromis macrocephalus (Boulenger, 1899)",Purpleface largemouth,Non-native,Widespread,Least concern,2,Paratilapia ellenbergeri;Paratilapia macrocephala;Pelmatochromis genisquamulatus
Species,Animalia,Chordata,Actinopterygii,Perciformes,Cichlidae,Serranochromis,meridianus,Serranochromis meridianus,"Serranochromis meridianus Jubb, 1967",Lowveld largemouth,Native,Widespread,Endangered,2,Serranochromis meridionalis
Species,Animalia,Chordata,Actinopterygii,Perciformes,Cichlidae,Serranochromis,thumbergi,Serranochromis thumbergi,"Serranochromis thumbergi (Castelnau, 1861)",Brownspot largemouth,Non-native,Widespread,Least concern,2,Chromys thumbergi;Paratilapia thumbergii;Pelmatochromis thumbergi
Species,Animalia,Chordata,Actinopterygii,Siluriformes,Mochokidae,Synodontis,macrostigma,Synodontis macrostigma,"Synodontis macrostigma Boulenger, 1911",Large-spot squeaker,Non-native,Widespread,Least concern,1,
Species,Animalia,Chordata,Actinopterygii,Siluriformes,Mochokidae,Synodontis,nigromaculatus,Synodontis nigromaculatus,"Synodontis nigromaculatus Boulenger, 1905",Spotted squeaker,Non-native,Widespread,Least concern,1,Synodontis colyeri
Species,Animalia,Chordata,Actinopterygii,Siluriformes,Mochokidae,Synodontis,zambezensis,Synodontis zambezensis,"Synodontis zambezensis Peters, 1852",Brown squeaker,Native,Widespread,Least concern,1,Hemisynodontis zambezensis;Synodontis zambesiensis
Species,Animalia,Chordata,Actinopterygii,Perciformes,Cichlidae,Tilapia,guinasana,Tilapia guinasana,"Tilapia guinasana Trewavas, 1936",Otjikoto tilapia,Non-native,Widespread,Critically Endangered,2,
Species,Animalia,Chordata,Actinopterygii,Perciformes,Cichlidae,Tilapia,sparrmanii,Tilapia sparrmanii,"Tilapia sparrmanii Smith, 1840",Banded tilapia,Native,Widespread,Least concern,2,Chromis sparrmanni;Chromys moffatii;Chromys sparmanni;Tilapia deschauenseei;Tilapia fouloni;Tilapia ovalis 
Species,Animalia,Chordata,Actinopterygii,Cypriniformes,Cyprinidae,Tinca,tinca,Tinca tinca,"Tinca tinca (Linnaeus, 1758)",Tench,Non-native,Widespread,Least concern,1,Cyprinus tinca;Cyprinus tinca auratus;Cyprinus tincauratus;Cyprinus tincaurea;Cyprinus zeelt;Tinca aurea;Tinca chrysitis;Tinca communis;Tinca italica;Tinca limosa;Tinca linnei;Tinca vulgaris;Tinca vulgaris cestellae;Tinca vulgaris maculata
Species,Animalia,Chordata,Actinopterygii,Cyprinodontiformes,Poeciliidae,Xiphophorus ,maculatus,Xiphophorus  maculatus,"Xiphophorus maculatus (Gunther, 1866)",Southern platyfish ,Non-native,Widespread,Data deficient,1,Platypoecilus aurata;Platypoecilus cyanellus;Platypoecilus maculatus;Platypoecilus maculatus aurata;Platypoecilus maculatus cyanellus;Platypoecilus maculatus sanguinea;Platypoecilus nigra;Platypoecilus pulchra;Platypoecilus rubra;Platypoecilus sanguinea;Poecilia maculata;Xiphorus maculatus
Species,Animalia,Chordata,Actinopterygii,Cyprinodontiformes,Poeciliidae,Xiphophorus,helleri,Xiphophorus helleri,"Xiphophorus helleri Heckel, 1848",Swordtail ,Non-native,Widespread,Least concern,1,Mollienisia helleri;Poecilia helleri;Xiphophorus brevis;Xiphophorus guentheri;Xiphophorus guntheri;Xiphophorus jalapae;Xiphophorus rachovii;Xiphophorus strigatus;Xiphorus helleri 
Species,Animalia,Chordata,Actinopterygii,Siluriformes,Amphiliidae,Zaireichthys ,rotundiceps,Zaireichthys  rotundiceps,"Zaireichthys rotundiceps (Hilgendorf, 1905)",Sand catlet,Native,Widespread,Data deficient,1,Gephyroglanis rotundiceps;Leptoglanis rotondiceps;Leptoglanis rotundiceps
