Kingdom,Phylum,Class,Order,Family,Genus,Species,Taxon,Scientific name and authority,Former scientific name,Common name,Habitat,Origin,Endemism,Conservation status
Animalia,Chordata,Actinopterygii,Anguilliformes,Anguillidae,Anguilla,bengalensis labiata,Anguilla bengalensis labiata,"Anguilla bengalensis labiata (Peters, 1852)",,African mottled eel,Euryhaline,Native,Widespread,Near threatened
Animalia,Chordata,Actinopterygii,Anguilliformes,Anguillidae,Anguilla,bicolor,Anguilla bicolor,"Anguilla bicolor bicolor McClelland, 1844",,Shortfin eel,Euryhaline,Native,Widespread,Near threatened
Animalia,Chordata,Actinopterygii,Anguilliformes,Anguillidae,Anguilla,marmorata,Anguilla marmorata,Anguilla marmorata Quoy & Gaimard 1824,,Giant mottled eel,Euryhaline,Native,Widespread,Least concern
Animalia,Chordata,Actinopterygii,Anguilliformes,Anguillidae,Anguilla,mossambica,Anguilla mossambica,"Anguilla mossambica (Peters, 1852)",,African longfin eel,Euryhaline,Native,Widespread,Least concern
Animalia,Chordata,Actinopterygii,Anguilliformes,Anguillidae,Anguilla ,bengalensis,Anguilla  bengalensis,"Anguilla bengalensis (Gray, 1831)",,Indian mottled eel,Euryhaline,Native,Widespread,Near threatened
Animalia,Chordata,Actinopterygii,Atheriniformes,Atherinidae,Atherina,breviceps,Atherina breviceps,"Atherina breviceps  Valenciennes, 1835",,Cape silverside,Euryhaline,Native,Widespread,Not evaluated
Animalia,Chordata,Actinopterygii,Atheriniformes,Atherinidae,Atherinomorus ,lacunosus,Atherinomorus  lacunosus,"Atherinomorus lacunosus (Forster, 1801)",,Hardyhead silverside,Euryhaline,Alien,Widespread,Not evaluated
Animalia,Chordata,Actinopterygii,Beloniformes,Belonidae,Strongylura ,leiura,Strongylura  leiura,"Strongylura leiura (Bleeker, 1851)",,Yellowfin needlefish,Freshwater,Alien,Widespread,Least concern
Animalia,Chordata,Actinopterygii,Beloniformes,Blenniidae,Omobranchus ,ferox ,Omobranchus  ferox ,"Omobranchus ferox (Herre, 1927)",,Gossamer blenny ,Euryhaline,Alien,Widespread,Least concern
Animalia,Chordata,Actinopterygii,Beloniformes,Hemirhamphidae,Hyporhamphus ,capensis,Hyporhamphus  capensis,"Hyporhamphus capensis (Thominot, 1886)",,Cape halfbeak ,Euryhaline,Native,Widespread,Not evaluated
Animalia,Chordata,Actinopterygii,Characiformes,Characidae,Brycinus,imberi,Brycinus imberi,"Brycinus imberi (Peters, 1852)",,Imberi,Freshwater,Native,Widespread,Least concern
Animalia,Chordata,Actinopterygii,Characiformes,Characidae,Brycinus,lateralis,Brycinus lateralis,"Brycinus lateralis (Boulenger, 1900)",,Astriped robber,Freshwater,Native,Widespread,Least concern
Animalia,Chordata,Actinopterygii,Characiformes,Characidae,Hemigrammopetersius,barnardi,Hemigrammopetersius barnardi,"Hemigrammopetersius barnardi (Herre, 1936)",,Barnard's robber,Freshwater,Native,Widespread,Least concern
Animalia,Chordata,Actinopterygii,Characiformes,Characidae,Hydrocynus,vittatus,Hydrocynus vittatus,"Hydrocynus vittatus Castelnau, 1861",,Tigerfish,Freshwater,Native,Widespread,Least concern
Animalia,Chordata,Actinopterygii,Characiformes,Characidae,Micralestes,acutidens,Micralestes acutidens,"Micralestes acutidens  (Peters, 1852)",,Silver robber,Freshwater,Native,Widespread,Least concern
Animalia,Chordata,Actinopterygii,Characiformes,Characidae,Rhabdalestes,maunensis,Rhabdalestes maunensis,"Rhabdalestes maunensis (Fowler, 1935)",,Slender robber,Freshwater,Alien,Widespread,Least concern
Animalia,Chordata,Actinopterygii,Characiformes,Distichodontidae,Distichodus,mossambicus,Distichodus mossambicus,"Distichodus mossambicus Peters, 1852",,Nkupe,Freshwater,Alien,Widespread,Least concern
Animalia,Chordata,Actinopterygii,Characiformes,Distichodontidae,Distichodus,schenga,Distichodus schenga,"Distichodus schenga Peters, 1852",,Chessa,Freshwater,Alien,Widespread,Least concern
Animalia,Chordata,Actinopterygii,Characiformes,Distichodontidae,Hemigrammocharax,machado,Hemigrammocharax machado,"Hemigrammocharax machadoi Poll, 1967",Nannocharax machadoi ,Dwarf citharine,Freshwater,Alien,Widespread,Least concern
Animalia,Chordata,Actinopterygii,Characiformes,Distichodontidae,Hemigrammocharax,multifasciatus,Hemigrammocharax multifasciatus,"Hemigrammocharax multifasciatus Boulenger, 1923",Nannocharax multifasciatus ,Multibar citharine,Freshwater,Alien,Widespread,Least concern
Animalia,Chordata,Actinopterygii,Characiformes,Distichodontidae,Nannocharax,macropterus,Nannocharax macropterus,"Nannocharax macropterus Pellegrin, 1925",,Broadbarred citharine,Freshwater,Alien,Widespread,Least concern
Animalia,Chordata,Actinopterygii,Characiformes,Distichodontidae,Neolebias,lozii,Neolebias lozii,"Neolebias lozii Winemiller & Kelso-Winemiller, 1993",,Banded neolebias,Freshwater,Alien,Micro-endemic level 2,Critically endangered
Animalia,Chordata,Actinopterygii,Characiformes,Hepsetidae,Astyanax ,orthodus,Astyanax  orthodus,"Astyanax orthodus Eigenmann, 1907",,,Freshwater,Alien,Regional endemic level 1,Least concern
Animalia,Chordata,Actinopterygii,Characiformes,Hepsetidae,Hepsetus,odoe,Hepsetus odoe,"Hepsetus odoe (Bloch, 1794)",,African pike,Euryhaline,Alien,Widespread,Least concern
Animalia,Chordata,Actinopterygii,Cichliformes,Cichlidae,Pseudocrenilabrus,philander,Pseudocrenilabrus philander,"Pseudocrenilabrus philander (Weber, 1897)",,Southern mouthbrooder,Freshwater,Native,Widespread,Not evaluated
Animalia,Chordata,Actinopterygii,Clupeiformes,Clupeidae,Gilchristella,aestuaria,Gilchristella aestuaria,"Gilchristella aestuaria (Gilchrist, 1913)",,Estuarine round herring,Euryhaline,Native,Widespread,Least concern
Animalia,Chordata,Actinopterygii,Clupeiformes,Clupeidae,Limnothrissa,miodon,Limnothrissa miodon,"Limnothrissa miodon (Boulenger, 1906)",,Kapenta ,Euryhaline,Alien,Widespread,Least concern
Animalia,Chordata,Actinopterygii,Cypriniformes,Cyprinidae,Carassius,auratus,Carassius auratus,"Carassius auratus (Linnaeus, 1758)",,Goldfish ,Freshwater,Native,Widespread,Least concern
Animalia,Chordata,Actinopterygii,Cypriniformes,Cyprinidae,Clypeobarbus,bellcrossi,Clypeobarbus bellcrossi,"Clypeobarbus bellcrossi (Conway and Stiassny, 2008)",Barbus bellcrossi ,Gorgeous barb,Freshwater,Alien,Widespread,Data deficient
Animalia,Chordata,Actinopterygii,Cypriniformes,Cyprinidae,Coptostomabarbus,wittei,Coptostomabarbus wittei,"Coptostomabarbus wittei David & Poll, 1937",,Upjaw barb,Freshwater,Alien,Widespread,Least concern
Animalia,Chordata,Actinopterygii,Cypriniformes,Cyprinidae,Ctenopharyngodon,idella,Ctenopharyngodon idella,"Ctenopharyngodon idella (Valenciennes, 1844)",,Grass carp ,Freshwater,Alien,Widespread,Not evaluated
Animalia,Chordata,Actinopterygii,Cypriniformes,Cyprinidae,Cyprinus,carpio,Cyprinus carpio,"Cyprinus carpio Linnaeus, 1758",,Common carp,Freshwater,Alien,Widespread,Vulnerable
Animalia,Chordata,Actinopterygii,Cypriniformes,Cyprinidae,Engraulicypris,brevianalis,Engraulicypris brevianalis,"Engraulicypris brevianalis (Boulenger, 1908)",Mesobola brevianalis,Hyphen barb,Freshwater,Native,Widespread,Least concern
Animalia,Chordata,Actinopterygii,Cypriniformes,Cyprinidae,Enteromius,afrohamiltoni,Enteromius afrohamiltoni,"Enteromius afrohamiltoni (Crass, 1960)",Barbus afrohamiltoni ,Hamilton's barb,Freshwater,Native,Widespread,Least concern
Animalia,Chordata,Actinopterygii,Cypriniformes,Cyprinidae,Enteromius,afrovernayi,Enteromius afrovernayi,"Enteromius afrovernayi (Nichols & Boulton, 1927)",Barbus afrovernayi ,Spottail barb,Freshwater,Alien,Widespread,Least concern
Animalia,Chordata,Actinopterygii,Cypriniformes,Cyprinidae,Enteromius,amatolicus,Enteromius amatolicus,"Enteromius amatolicus (Skelton, 1990)",Barbus amatolicus ,Amatola barb,Freshwater,Native,Widespread,Data deficient
Animalia,Chordata,Actinopterygii,Cypriniformes,Cyprinidae,Enteromius,annectens,Enteromius annectens,"Enteromius annectens (Gilchrist & Thompson, 1917)",Barbus annectens ,Broadstriped barb,Freshwater,Native,Widespread,Least concern
Animalia,Chordata,Actinopterygii,Cypriniformes,Cyprinidae,Enteromius,anoplus,Enteromius anoplus,"Enteromius anoplus  (Weber, 1897)",Barbus anoplus,Chubbyhead barb,Freshwater,Native,Widespread,Least concern
Animalia,Chordata,Actinopterygii,Cypriniformes,Cyprinidae,Enteromius,argenteus,Enteromius argenteus,"Enteromius argenteus (Günther, 1868)",Barbus argenteus ,Rosefin barb,Freshwater,Alien,Widespread,Least concern
Animalia,Chordata,Actinopterygii,Cypriniformes,Cyprinidae,Enteromius,barnardi,Enteromius barnardi,"Enteromius barnardi (Jubb, 1965)",Barbus barnardi ,Blackback barb,Freshwater,Alien,Widespread,Least concern
Animalia,Chordata,Actinopterygii,Cypriniformes,Cyprinidae,Enteromius,barotseensis,Enteromius barotseensis,"Enteromius barotseensis (Pellegrin, 1920)",Barbus barotseensis ,Barotse barb,Freshwater,Alien,Widespread,Least concern
Animalia,Chordata,Actinopterygii,Cypriniformes,Cyprinidae,Enteromius,bifrenatus,Enteromius bifrenatus,"Enteromius bifrenatus (Fowler, 1935)",Barbus bifrenatus ,Hyphen barb,Freshwater,Native,Widespread,Least concern
Animalia,Chordata,Actinopterygii,Cypriniformes,Cyprinidae,Enteromius,breviceps,Enteromius breviceps,"Enteromius breviceps (Trewavas, 1936)",Barbus breviceps,Shorthead barb,Freshwater,Alien,Widespread,Least concern
Animalia,Chordata,Actinopterygii,Cypriniformes,Cyprinidae,Enteromius,brevidorsalis,Enteromius brevidorsalis,"Enteromius brevidorsalis (Boulenger, 1915)",Barbus brevidorsalis ,Dwarf barb,Freshwater,Alien,Widespread,Least concern
Animalia,Chordata,Actinopterygii,Cypriniformes,Cyprinidae,Enteromius,brevipinnis,Enteromius brevipinnis,"Enteromius brevipinnis (Jubb, 1966)",Barbus brevipinnis ,Shortfin barb,Freshwater,Native,Widespread,Near threatened
Animalia,Chordata,Actinopterygii,Cypriniformes,Cyprinidae,Enteromius,choloensis,Enteromius choloensis,"Enteromius choloensis (Norman, 1925)",Barbus choloensis,Silver barb,Freshwater,Alien,Regional endemic level 1,Vulnerable
Animalia,Chordata,Actinopterygii,Cypriniformes,Cyprinidae,Enteromius,dorsolineatus,Enteromius dorsolineatus,"Enteromius dorsolineatus (Trewavas, 1936)",Barbus dorsolineatus ,Topstripe barb,Freshwater,Alien,Regional endemic level 1,Least concern
Animalia,Chordata,Actinopterygii,Cypriniformes,Cyprinidae,Enteromius,eutaenia,Enteromius eutaenia,"Enteromius eutaenia (Boulenger, 1904)",Barbus eutaenia ,Orangefin barb,Freshwater,Native,Widespread,Least concern
Animalia,Chordata,Actinopterygii,Cypriniformes,Cyprinidae,Enteromius,fasciolatus,Enteromius fasciolatus,"Enteromius fasciolatus (Günther, 1868)",Barbus fasciolatus ,Red barb,Freshwater,Alien,Widespread,Least concern
Animalia,Chordata,Actinopterygii,Cypriniformes,Cyprinidae,Enteromius,gurneyi,Enteromius gurneyi,"Enteromius gurneyi (Günther, 1868)",Barbus gurneyi ,Redtail barb,Freshwater,Native,Widespread,Vulnerable
Animalia,Chordata,Actinopterygii,Cypriniformes,Cyprinidae,Enteromius,haasianus,Enteromius haasianus,"Enteromius haasianus (David, 1936)",Barbus haasianu,Sicklefin barb,Freshwater,Alien,Widespread,Least concern
Animalia,Chordata,Actinopterygii,Cypriniformes,Cyprinidae,Enteromius,hospes,Enteromius hospes,"Enteromius hospes (Barnard, 1938)",Barbus hospes ,Namaqua barb,Freshwater,Native,Regional endemic level 1,Least concern
Animalia,Chordata,Actinopterygii,Cypriniformes,Cyprinidae,Enteromius,kerstenii,Enteromius kerstenii,"Enteromius kerstenii (Peters, 1868)",Barbus kerstenii ,Redspot barb,Freshwater,Alien,Widespread,Least concern
Animalia,Chordata,Actinopterygii,Cypriniformes,Cyprinidae,Enteromius,lineomaculatus,Enteromius lineomaculatus,"Enteromius lineomaculatus (Boulenger, 1903)",Barbus lineomaculatus,Line-spotted barb,Freshwater,Native,Widespread,Least concern
Animalia,Chordata,Actinopterygii,Cypriniformes,Cyprinidae,Enteromius,macrotaenia,Enteromius macrotaenia,"Enteromius macrotaenia (Worthington, 1933)",Barbus macrotaenia ,Broadband barb,Freshwater,Alien,Widespread,Least concern
Animalia,Chordata,Actinopterygii,Cypriniformes,Cyprinidae,Enteromius,manicensis,Enteromius manicensis,"Enteromius manicensis (Pellegrin, 1919)",Barbus manicensis ,Yellow barb,Freshwater,Alien,Widespread,Least concern
Animalia,Chordata,Actinopterygii,Cypriniformes,Cyprinidae,Enteromius,mattozi,Enteromius mattozi,"Enteromius mattozi (Guimaraes, 1884)",Barbus mattozi ,Papermouth,Freshwater,Alien,Regional endemic level 1,Least concern
Animalia,Chordata,Actinopterygii,Cypriniformes,Cyprinidae,Enteromius,miolepis,Enteromius miolepis,"Enteromius miolepis (Boulenger, 1902)",Barbus miolepis ,Zig-zag barb,Freshwater,Alien,Widespread,Least concern
Animalia,Chordata,Actinopterygii,Cypriniformes,Cyprinidae,Enteromius,motebensis,Enteromius motebensis,"Enteromius motebensis (Steindachner, 1894)",Barbus motebensis,Marico barb,Freshwater,Native,Widespread,Near threatened
Animalia,Chordata,Actinopterygii,Cypriniformes,Cyprinidae,Enteromius,multilineatus,Enteromius multilineatus,"Enteromius multilineatus (Worthington, 1933)",Barbus multilineatus,Copperstripe barb,Freshwater,Alien,Widespread,Least concern
Animalia,Chordata,Actinopterygii,Cypriniformes,Cyprinidae,Enteromius,neefi,Enteromius neefi,"Enteromius neefi (Greenwood, 1962)",Barbus neefi ,Sidespot barb,Freshwater,Alien,Widespread,Least concern
Animalia,Chordata,Actinopterygii,Cypriniformes,Cyprinidae,Enteromius,pallidus,Enteromius pallidus,"Enteromius pallidus (Smith, 1841)",Barbus pallidus,Goldie barb,Freshwater,Native,Widespread,Least concern
Animalia,Chordata,Actinopterygii,Cypriniformes,Cyprinidae,Enteromius,paludinosu,Enteromius paludinosu,"Enteromius paludinosus (Peters, 1852)",Barbus paludinosus ,Straightfin barb,Freshwater,Native,Widespread,Least concern
Animalia,Chordata,Actinopterygii,Cypriniformes,Cyprinidae,Enteromius,poechii,Enteromius poechii,"Enteromius poechii (Steindachner, 1911)",Barbus poechii ,Dashtail barb,Freshwater,Alien,Widespread,Least concern
Animalia,Chordata,Actinopterygii,Cypriniformes,Cyprinidae,Enteromius,radiatus,Enteromius radiatus,"Enteromius radiatus (Peters, 1853)",Barbus radiatus ,Beira barb,Freshwater,Native,Widespread,Least concern
Animalia,Chordata,Actinopterygii,Cypriniformes,Cyprinidae,Enteromius,thamalakanensis,Enteromius thamalakanensis,"Enteromius thamalakanensis (Fowler, 1935)",Barbus thamalakanensis ,Thamalakane barb,Freshwater,Alien,Widespread,Least concern
Animalia,Chordata,Actinopterygii,Cypriniformes,Cyprinidae,Enteromius,toppini,Enteromius toppini,"Enteromius toppini (Boulenger, 1916)",Barbus toppini ,East-coast barb,Freshwater,Native,Widespread,Least concern
Animalia,Chordata,Actinopterygii,Cypriniformes,Cyprinidae,Enteromius,treurensis,Enteromius treurensis,"Enteromius treurensis (Groenewald, 1958)",Barbus treurensis ,Treur River barb,Freshwater,Native,Micro-endemic level 2,Critically endangered
Animalia,Chordata,Actinopterygii,Cypriniformes,Cyprinidae,Enteromius,trimaculatus,Enteromius trimaculatus,"Enteromius trimaculatus (Peters, 1852)",Barbus trimaculatus ,Threespot barb,Freshwater,Native,Widespread,Least concern
Animalia,Chordata,Actinopterygii,Cypriniformes,Cyprinidae,Enteromius,unitaeniatus,Enteromius unitaeniatus,"Enteromius unitaeniatus (Günther, 1866)",Barbus unitaeniatus ,Longbeard barb,Freshwater,Native,Widespread,Least concern
Animalia,Chordata,Actinopterygii,Cypriniformes,Cyprinidae,Enteromius,viviparus,Enteromius viviparus,"Enteromius viviparus (Weber, 1897)",Barbus viviparus ,Bowstripe barb,Freshwater,Native,Widespread,Least concern
Animalia,Chordata,Actinopterygii,Cypriniformes,Cyprinidae,Enteromius ,atkinsoni,Enteromius  atkinsoni,"Enteromius atkinsoni (Bailey, 1969)",Barbus atkinsoni,Dash-dot barb,Freshwater,Alien,Widespread,Least concern
Animalia,Chordata,Actinopterygii,Cypriniformes,Cyprinidae,Enteromius ,kessleri ,Enteromius  kessleri ,"Enteromius kessleri (Steindachner, 1866)",Barbus kessleri ,Gillbar barb,Freshwater,Alien,Widespread,Least concern
Animalia,Chordata,Actinopterygii,Cypriniformes,Cyprinidae,Enteromius ,paludinosus,Enteromius  paludinosus,"Enteromius paludinosus (Peters, 1852)",Barbus paludinosus,Straightfin barb,Freshwater,Native,Widespread,Least concern
Animalia,Chordata,Actinopterygii,Cypriniformes,Cyprinidae,Hypophthalmichthys,molitrix,Hypophthalmichthys molitrix,"Hypophthalmichthys molitrix (Valenciennes, 1844)",,Silver carp ,Freshwater,Alien,Widespread,Near threatened
Animalia,Chordata,Actinopterygii,Cypriniformes,Cyprinidae,Labeo,altivelis,Labeo altivelis,"Labeo altivelis Peters, 1852",,Manyame labeo,Freshwater,Alien,Widespread,Least concern
Animalia,Chordata,Actinopterygii,Cypriniformes,Cyprinidae,Labeo,ansorgii,Labeo ansorgii,"Labeo ansorgii Boulenger, 1907",,Cunene labeo,Freshwater,Alien,Regional endemic level 1,Least concern
Animalia,Chordata,Actinopterygii,Cypriniformes,Cyprinidae,Labeo,capensis,Labeo capensis,"Labeo capensis (Smith, 1841)",,Orange River mudfish,Freshwater,Alien,Regional endemic level 1,Least concern
Animalia,Chordata,Actinopterygii,Cypriniformes,Cyprinidae,Labeo,congoro,Labeo congoro,"Labeo congoro Peters, 1852",,Purple labeo,Freshwater,Native,Widespread,Least concern
Animalia,Chordata,Actinopterygii,Cypriniformes,Cyprinidae,Labeo,cylindricus,Labeo cylindricus,"Labeo cylindricus Peters, 1852",,Redeye labeo,Freshwater,Native,Widespread,Least concern
Animalia,Chordata,Actinopterygii,Cypriniformes,Cyprinidae,Labeo,lunatus,Labeo lunatus,"Labeo lunatus Jubb, 1963",,Upper Zambezi labeo,Freshwater,Alien,Regional endemic level 2,Least concern
Animalia,Chordata,Actinopterygii,Cypriniformes,Cyprinidae,Labeo,molybdinus,Labeo molybdinus,"Labeo molybdinus du Plessis, 1963",,Leaden labeo,Freshwater,Native,Widespread,Least concern
Animalia,Chordata,Actinopterygii,Cypriniformes,Cyprinidae,Labeo,rosae,Labeo rosae,"Labeo rosae Steindachner, 1894",,Rednose labeo,Freshwater,Native,Widespread,Least concern
Animalia,Chordata,Actinopterygii,Cypriniformes,Cyprinidae,Labeo,rubromaculatus,Labeo rubromaculatus,"Labeo rubromaculatus Gilchrist & Thompson, 1913",,Tugela labeo,Freshwater,Native,Micro-endemic level 1,Vulnerable
Animalia,Chordata,Actinopterygii,Cypriniformes,Cyprinidae,Labeo,ruddi,Labeo ruddi,"Labeo ruddi Boulenger, 1907",,Silver labeo,Freshwater,Native,Micro-endemic level 2,Data deficient
Animalia,Chordata,Actinopterygii,Cypriniformes,Cyprinidae,Labeo,seeberi,Labeo seeberi,"Labeo seeberi Gilchrist & Thompson, 1911",,Clanwilliam sandfish,Freshwater,Native,Regional endemic level 2,Endangered
Animalia,Chordata,Actinopterygii,Cypriniformes,Cyprinidae,Labeo,umbratus,Labeo umbratus,"Labeo umbratus (Smith, 1841)",,Moggel,Freshwater,Native,Widespread,Least concern
Animalia,Chordata,Actinopterygii,Cypriniformes,Cyprinidae,Labeobarbus,aeneus,Labeobarbus aeneus,"Labeobarbus aeneus (Burchell, 1822)",,Vaal-Orange smallmouth yellowfish,Freshwater,Extralimital,Widespread,Least concern
Animalia,Chordata,Actinopterygii,Cypriniformes,Cyprinidae,Labeobarbus,codringtonii,Labeobarbus codringtonii,"Labeobarbus codringtonii Boulenger, 1908",Barbus codringtonii,Upper Zambezi yellowfish,Freshwater,Alien,Widespread,Least concern
Animalia,Chordata,Actinopterygii,Cypriniformes,Cyprinidae,Labeobarbus,dimidiatus,Labeobarbus dimidiatus,"Labeobarbus dimidiatus Tweddle & Skelton, 1998",Varicorhinus dimidiatus ,Blacktop chiselmouth,Freshwater,Alien,Micro-endemic level 2,Not evaluated
Animalia,Chordata,Actinopterygii,Cypriniformes,Cyprinidae,Labeobarbus,kimberleyensis,Labeobarbus kimberleyensis,"Labeobarbus kimberleyensis Gilchrist & Thompson, 1913",,Vaal-Orange largemouth yellowfish,Freshwater,Native,Regional endemic level 1,Near threatened
Animalia,Chordata,Actinopterygii,Cypriniformes,Cyprinidae,Labeobarbus,marequensis,Labeobarbus marequensis,"Labeobarbus marequensis Smith, 1841",Barbus marequensis,Lowveld largescale yellowfish,Freshwater,Native,Widespread,Least concern
Animalia,Chordata,Actinopterygii,Cypriniformes,Cyprinidae,Labeobarbus,natalensis,Labeobarbus natalensis,"Labeobarbus natalensis Castelnau, 1861",Barbus natalensis,Scaly Kwa-Zulu Natal yellowfish,Freshwater,Native,Regional endemic level 1,Least concern
Animalia,Chordata,Actinopterygii,Cypriniformes,Cyprinidae,Labeobarbus,nelspruitensis,Labeobarbus nelspruitensis,"Labeobarbus nelspruitensis (Gilchrist & Thompson, 1911)",Varicorhinus nelspruitensis ,Incomati chiselmouth,Freshwater,Native,Micro-endemic level 1,Near threatened
Animalia,Chordata,Actinopterygii,Cypriniformes,Cyprinidae,Labeobarbus,polylepis,Labeobarbus polylepis,"Labeobarbus polylepis Boulenger, 1907",Barbus polylepis,Bushveld smallscale yellowfish,Freshwater,Native,Regional endemic level 1,Least concern
Animalia,Chordata,Actinopterygii,Cypriniformes,Cyprinidae,Labeobarbus,pungweensis,Labeobarbus pungweensis,"Labeobarbus pungweensis Jubb, 1959",Varicorhinus pungweensis ,Pungwe chiselmouth,Freshwater,Alien,Widespread,Not evaluated
Animalia,Chordata,Actinopterygii,Cypriniformes,Cyprinidae,Labeobarbus,seeberi,Labeobarbus seeberi,"Labeobarbus seeberi  (Gilchrist & Thompson, 1913)",Labeobarbus capensis,Clanwilliam yellowfish,Freshwater,Native,Regional endemic level 1,Near threatened
Animalia,Chordata,Actinopterygii,Cypriniformes,Cyprinidae,Labeobarbus,xyrocheilus,Labeobarbus xyrocheilus,"Labeobarbus xyrocheilus Tweddle & Skelton, 1998",Varicorhinus xyrocheilus,Razorlip chiselmouth,Freshwater,Alien,Micro-endemic level 2,Not evaluated
Animalia,Chordata,Actinopterygii,Cypriniformes,Cyprinidae,Opsaridium,peringueyi,Opsaridium peringueyi,"Opsaridium peringueyi (Gilchrist & Thompson, 1913)",,Southern barred minnow,Freshwater,Native,Widespread,Extinct
Animalia,Chordata,Actinopterygii,Cypriniformes,Cyprinidae,Opsaridium,tweddleorum,Opsaridium tweddleorum,"Opsaridium tweddleorum (Skelton, 1996)",,Dwarf sanjika,Freshwater,Alien,Regional endemic level 2,Data deficient
Animalia,Chordata,Actinopterygii,Cypriniformes,Cyprinidae,Opsaridium,zambezense,Opsaridium zambezense,"Opsaridium zambezense (Peters, 1852)",,Barred minnow,Freshwater,Alien,Widespread,Least concern
Animalia,Chordata,Actinopterygii,Cypriniformes,Cyprinidae,Pseudobarbus, skeltoni,Pseudobarbus  skeltoni,Pseudobarbus skeltoni Chakona and Swartz 2013,,Giant redfin,Freshwater,Native,Micro-endemic level 2,Endangered
Animalia,Chordata,Actinopterygii,Cypriniformes,Cyprinidae,Pseudobarbus,afer,Pseudobarbus afer,"Pseudobarbus afer (Peters, 1864)",,Eastern Cape redfin,Freshwater,Native,Micro-endemic level 1,Endangered
Animalia,Chordata,Actinopterygii,Cypriniformes,Cyprinidae,Pseudobarbus,asper,Pseudobarbus asper,"Pseudobarbus asper (Boulenger, 1911)",,Smallscale redfin,Freshwater,Native,Regional endemic level 2,Endangered
Animalia,Chordata,Actinopterygii,Cypriniformes,Cyprinidae,Pseudobarbus,burchelli,Pseudobarbus burchelli,"Pseudobarbus burchelli (Smith, 1841)",,Breede River redfin,Freshwater,Native,Micro-endemic level 1,Critically endangered
Animalia,Chordata,Actinopterygii,Cypriniformes,Cyprinidae,Pseudobarbus,burgi,Pseudobarbus burgi,"Pseudobarbus burgi (Boulenger, 1911)",,Berg River redfin,Freshwater,Native,Regional endemic level 2,Endangered
Animalia,Chordata,Actinopterygii,Cypriniformes,Cyprinidae,Pseudobarbus,calidus,Pseudobarbus calidus,"Pseudobarbus calidus (Barnard, 1938)",Barbus calidus,Clanwilliam redfin,Freshwater,Native,Regional endemic level 2,Near threatened
Animalia,Chordata,Actinopterygii,Cypriniformes,Cyprinidae,Pseudobarbus,capensis,Pseudobarbus capensis,"Pseudobarbus capensis (Smith, 1841)",Barbus andrewi,Berg-breede river whitefish,Freshwater,Native,Regional endemic level 1,Endangered
Animalia,Chordata,Actinopterygii,Cypriniformes,Cyprinidae,Pseudobarbus,erubescens,Pseudobarbus erubescens,"Pseudobarbus erubescens (Skelton, 1974)",Barbus erubescens,Twee river redfin,Freshwater,Native,Micro-endemic level 1,Critically endangered
Animalia,Chordata,Actinopterygii,Cypriniformes,Cyprinidae,Pseudobarbus,phlegethon,Pseudobarbus phlegethon,"Pseudobarbus phlegethon (Barnard, 1938)",,Fiery redfin,Freshwater,Native,Micro-endemic level 1,Endangered
Animalia,Chordata,Actinopterygii,Cypriniformes,Cyprinidae,Pseudobarbus,quathlambae,Pseudobarbus quathlambae,"Pseudobarbus quathlambae (Barnard, 1938)",,Maloti minnow,Freshwater,Native,Micro-endemic level 2,Endangered
Animalia,Chordata,Actinopterygii,Cypriniformes,Cyprinidae,Pseudobarbus,senticeps,Pseudobarbus senticeps,"Pseudobarbus senticeps (Smith, 1936)",,,Freshwater,Native,Micro-endemic level 2,Critically endangered
Animalia,Chordata,Actinopterygii,Cypriniformes,Cyprinidae,Pseudobarbus,serra,Pseudobarbus serra,"Pseudobarbus serra (Peters, 1864)",Barbus serra,Sawfin,Freshwater,Native,Micro-endemic level 1,Near threatened
Animalia,Chordata,Actinopterygii,Cypriniformes,Cyprinidae,Pseudobarbus,swartzi,Pseudobarbus swartzi,"Pseudobarbus swartzi Chakona & Skelton, 2017",,Gamtoos redfin,Freshwater,Native,Micro-endemic level 2,Vulnerable
Animalia,Chordata,Actinopterygii,Cypriniformes,Cyprinidae,Pseudobarbus,tenuis,Pseudobarbus tenuis,"Pseudobarbus tenuis (Barnard, 1938)",,Slender redfin,Freshwater,Native,Micro-endemic level 2,Near threatened
Animalia,Chordata,Actinopterygii,Cypriniformes,Cyprinidae,Pseudobarbus,trevelyani,Pseudobarbus trevelyani,"Pseudobarbus trevelyani Günther, 1877",Barbus trevelyani,Border barb,Freshwater,Native,Micro-endemic level 2,Endangered
Animalia,Chordata,Actinopterygii,Cypriniformes,Cyprinidae,Pseudobarbus,verloreni,Pseudobarbus verloreni,"Pseudobarbus verloreni Chakona, Swartz & Skelton, 2014",,,Freshwater,Native,Micro-endemic level 2,Endangered
Animalia,Chordata,Actinopterygii,Cypriniformes,Cyprinidae,Tinca,tinca,Tinca tinca,"Tinca tinca (Linnaeus, 1758)",,Tench,Freshwater,Alien,Widespread,Least concern
Animalia,Chordata,Actinopterygii,Cyprinodontiformes,Poeciliidae,Aplocheilichthys,macrurus,Aplocheilichthys macrurus,"Aplocheilichthys macrurus (Boulenger, 1904)",Aplocheilichthys macrurus ,Big tailed lampeye,Freshwater,Alien,Widespread,Least concern
Animalia,Chordata,Actinopterygii,Cyprinodontiformes,Poeciliidae,Gambusia,affinis,Gambusia affinis,"Gambusia affinis (Baird & Girard, 1853)",,Mosquitofish,Freshwater,Alien,Widespread,Least concern
Animalia,Chordata,Actinopterygii,Cyprinodontiformes,Poeciliidae,Hypsopanchax,jubbi,Hypsopanchax jubbi,"Hypsopanchax jubbi Poll & Lambert, 1965",,Southern deepbody,Freshwater,Alien,Widespread,Least concern
Animalia,Chordata,Actinopterygii,Cyprinodontiformes,Poeciliidae,Micropanchax,hutereaui,Micropanchax hutereaui,"Micropanchax hutereaui Ghedotti, 2000",Aplocheilichthys hutereaui ,Meshscaled topminnow,Freshwater,Alien,Widespread,Least concern
Animalia,Chordata,Actinopterygii,Cyprinodontiformes,Poeciliidae,Micropanchax,johnstoni,Micropanchax johnstoni,"Micropanchax johnstoni Ghedotti, 2000",Aplocheilichthys johnstoni ,Johnston's topminnow,Freshwater,Native,Widespread,Least concern
Animalia,Chordata,Actinopterygii,Cyprinodontiformes,Poeciliidae,Micropanchax,katangae,Micropanchax katangae,"Micropanchax katangae Ghedotti, 2000",Aplocheilichthys katangae ,Striped topminnow,Freshwater,Native,Widespread,Least concern
Animalia,Chordata,Actinopterygii,Cyprinodontiformes,Poeciliidae,Micropanchax,myaposae,Micropanchax myaposae,"Micropanchax myaposae Ghedotti, 2000",Aplocheilichthys myaposae ,Natal topminnow,Freshwater,Native,Regional endemic level 1,Near threatened
Animalia,Chordata,Actinopterygii,Cyprinodontiformes,Poeciliidae,Phalloceros,caudimaculatus,Phalloceros caudimaculatus,"Phalloceros caudimaculatus (Hensel, 1868)",,Dusky millions fish,Freshwater,Alien,Widespread,Not evaluated
Animalia,Chordata,Actinopterygii,Cyprinodontiformes,Poeciliidae,Poecilia,reticulata,Poecilia reticulata,"Poecilia reticulata  Peters, 1859",,Guppy ,Freshwater,Native,Widespread,Not evaluated
Animalia,Chordata,Actinopterygii,Cyprinodontiformes,Poeciliidae,Xiphophorus,helleri,Xiphophorus helleri,"Xiphophorus helleri Heckel, 1848",,Swordtail ,Freshwater,Native,Widespread,Not evaluated
Animalia,Chordata,Actinopterygii,Cyprinodontiformes,Poeciliidae,Xiphophorus ,maculatus,Xiphophorus  maculatus,"Xiphophorus maculatus (Gunther, 1866)",,Southern platyfish ,Freshwater,Alien,Widespread,Not evaluated
Animalia,Chordata,Actinopterygii,Cyprinodontiformes ,Aplocheilidae,Nothobranchius,boklundi,Nothobranchius boklundi,Nothobranchius boklundi Valdesalici 2010,,,Freshwater,Alien,Widespread,Not evaluated
Animalia,Chordata,Actinopterygii,Cyprinodontiformes ,Aplocheilidae,Nothobranchius,capriviensis,Nothobranchius capriviensis,"Nothobranchius capriviensis Watters, Wildekamp & Shidlovskiy, 2015",,,Freshwater,Alien,Widespread,Not evaluated
Animalia,Chordata,Actinopterygii,Cyprinodontiformes ,Aplocheilidae,Nothobranchius,furzeri,Nothobranchius furzeri,"Nothobranchius furzeri Jubb, 1971",,Turquoise killifish,Freshwater,Alien,Widespread,Least concern
Animalia,Chordata,Actinopterygii,Cyprinodontiformes ,Aplocheilidae,Nothobranchius,kadleci,Nothobranchius kadleci,Nothobranchius kadleci Reichard 2010,,,Freshwater,Alien,Widespread,Not evaluated
Animalia,Chordata,Actinopterygii,Cyprinodontiformes ,Aplocheilidae,Nothobranchius,kafuensis,Nothobranchius kafuensis,"Nothobranchius kafuensis Wildekamp & Rosenstock, 1989",,Caprivi killifish,Freshwater,Alien,Widespread,Least concern
Animalia,Chordata,Actinopterygii,Cyprinodontiformes ,Aplocheilidae,Nothobranchius,krysanovi,Nothobranchius krysanovi,"Nothobranchius krysanovi Schidlovskiy, Watters & Wildekamp, 2010",,,Freshwater,Alien,Widespread,Not evaluated
Animalia,Chordata,Actinopterygii,Cyprinodontiformes ,Aplocheilidae,Nothobranchius,kuhntae,Nothobranchius kuhntae,"Nothobranchius kuhntae (Ahl, 1926)",,Beira killifish,Freshwater,Alien,Widespread,Data deficient
Animalia,Chordata,Actinopterygii,Cyprinodontiformes ,Aplocheilidae,Nothobranchius,mkuziensis,Nothobranchius mkuziensis,Nothobranchius mkuziensis Wildekamp 2004,Fundulus mkuziensis ,,Freshwater,Alien,Widespread,Not evaluated
Animalia,Chordata,Actinopterygii,Cyprinodontiformes ,Aplocheilidae,Nothobranchius,orthonotus,Nothobranchius orthonotus,"Nothobranchius orthonotus (Peters, 1844)",,Spotted killifish,Freshwater,Native,Widespread,Least concern
Animalia,Chordata,Actinopterygii,Cyprinodontiformes ,Aplocheilidae,Nothobranchius,pienaari ,Nothobranchius pienaari ,"Nothobranchius pienaari Schidlovskiy, Watters & Wildekamp, 2010",,,Freshwater,Native,Widespread,Not evaluated
Animalia,Chordata,Actinopterygii,Cyprinodontiformes ,Aplocheilidae,Nothobranchius,rachovii,Nothobranchius rachovii,"Nothobranchius rachovii Ahl, 1926",,Rainbow killifish,Freshwater,Native,Widespread,Least concern
Animalia,Chordata,Actinopterygii,Elopiformes,Megalopidae,Megalops,cyprinoides,Megalops cyprinoides,"Megalops cyprinoides (Broussonet, 1782)",,Oxeye tarpon,Freshwater,Native,Widespread,Data deficient
Animalia,Chordata,Actinopterygii,Gadiformes,Lotidae,Gaidropsarus,capensis,Gaidropsarus capensis,"Gaidropsarus capensis (Kaup, 1858)",,Cape rockling,Freshwater,Native,Regional endemic level 1,Not evaluated
Animalia,Chordata,Actinopterygii,Gobiiformes,Gobiidae,Glossogobius,giuris,Glossogobius giuris,"Glossogobius giuris (Hamilton, 1822)",,Tank goby,Euryhaline,Native,Widespread,Least concern
Animalia,Chordata,Actinopterygii,Gonorynchiformes,Kneriidae,Kneria,auriculata,Kneria auriculata,"Kneria auriculata (Pellegrin, 1905)",,Southern kneria,Freshwater,Alien,Widespread,Least concern
Animalia,Chordata,Actinopterygii,Gonorynchiformes,Kneriidae,Kneria,maydelli,Kneria maydelli,"Kneria maydelli Ladiges & Voelker, 1961",,Cunene kneria,Freshwater,Alien,Micro-endemic level 2,Least concern
Animalia,Chordata,Actinopterygii,Gonorynchiformes,Kneriidae,Kneria,polli,Kneria polli,"Kneria polli Trewavas, 1936",,Northern kneria,Freshwater,Alien,Widespread,Least concern
Animalia,Chordata,Actinopterygii,Gonorynchiformes,Kneriidae,Kneria ,angolensis,Kneria  angolensis,"Kneria angolensis Steindachner, 1866",,Angola kneria,Freshwater,Alien,Widespread,Least concern
Animalia,Chordata,Actinopterygii,Gonorynchiformes,Kneriidae,Parakneria,fortuita,Parakneria fortuita,"Parakneria fortuita Penrith, 1973",,Cubango kneria,Freshwater,Alien,Regional endemic level 2,Data deficient 
Animalia,Chordata,Actinopterygii,Gonorynchiformes,Kneriidae,Parakneria,mossambica,Parakneria mossambica,"Parakneria mossambica Jubb & Bell-Cross, 1974",,Gorongoza kneria,Freshwater,Alien,Micro-endemic level 1,Least concern
Animalia,Chordata,Actinopterygii,Mugiliformes,Mugilidae,Chelon,richardsonii,Chelon richardsonii,"Chelon richardsonii (Smith, 1846)",Liza richardsonii,South African mullet,Euryhaline,Native,Widespread,Not evaluated
Animalia,Chordata,Actinopterygii,Mugiliformes,Mugilidae,Crenimugil,cunnesius,Crenimugil cunnesius,"Crenimugil buchanani (Bleeker, 1853)",Valamugil cunnesius ,Bluetail Mullet,Euryhaline,Native,Widespread,Not evaluated
Animalia,Chordata,Actinopterygii,Mugiliformes,Mugilidae,Mugil,cephalus,Mugil cephalus,"Mugil cephalus  Linnaeus, 1758",,Flathead grey mullet,Euryhaline,Native,Widespread,Least concern
Animalia,Chordata,Actinopterygii,Mugiliformes,Mugilidae,Myxus,capensis,Myxus capensis,"Myxus capensis (Valenciennes, 1836)",,Freshwater mullet,Euryhaline,Native,Widespread,Least concern
Animalia,Chordata,Actinopterygii,Mugiliformes,Mugilidae,Neochelon, falcipinnis ,Neochelon  falcipinnis ,"Neochelon falcipinnis (Valenciennes, 1836)",Liza falcipinnis,Sicklefin Mullet,Euryhaline,Alien,Widespread,Data deficient
Animalia,Chordata,Actinopterygii,Mugiliformes,Mugilidae,Planiliza,macrolepis,Planiliza macrolepis,"Planiliza macrolepis (Smith, 1846)",,Large-scale mullet ,Euryhaline,Native,Widespread,Least concern
Animalia,Chordata,Actinopterygii,Osmeriformes,Galaxiidae,Galaxias,sp.‘Joubertina’,Galaxias sp.‘Joubertina’,"Galaxias sp.‘Joubertina’ Chakona et al., 2018",,,Freshwater,Native,Regional endemic level 1,Data deficient
Animalia,Chordata,Actinopterygii,Osmeriformes,Galaxiidae,Galaxias,zebratus,Galaxias zebratus,"Galaxias zebratus (Castelnau, 1861)",,Cape galaxias,Freshwater,Native,Regional endemic level 1,Data deficient 
Animalia,Chordata,Actinopterygii,Osteoglossiformes,Mormyridae,Hippopotamyrus,ansorgii,Hippopotamyrus ansorgii,"Hippopotamyrus ansorgii (Boulenger,1905)",,Slender stonebasher,Freshwater,Alien,Widespread,Least concern
Animalia,Chordata,Actinopterygii,Osteoglossiformes,Mormyridae,Hippopotamyrus,discorhynchu,Hippopotamyrus discorhynchu,"Cyphomyrus discorhynchus (Pellegrin, 1936)",Hippopotamyrus discorhynchus ,Zambezi parrotfish,Freshwater,Alien,Widespread,Least concern
Animalia,Chordata,Actinopterygii,Osteoglossiformes,Mormyridae,Hippopotamyrus,longilateralis,Hippopotamyrus longilateralis,Hippopotamyrus longilateralis Kramer and Swartz 2010,,,Freshwater,Alien,Micro-endemic level 2,Not evaluated
Animalia,Chordata,Actinopterygii,Osteoglossiformes,Mormyridae,Hippopotamyrus,szaboi,Hippopotamyrus szaboi,"Hippopotamyrus szaboi Kramer van der Bank & Wink, 2004",,,Freshwater,Alien,Micro-endemic level 2,Least concern
Animalia,Chordata,Actinopterygii,Osteoglossiformes,Mormyridae,Marcusenius,altisambesi,Marcusenius altisambesi,"Marcusenius altisambesi Kramer, Skelton, van der Bank & Wink, 2007",,,Freshwater,Alien,Widespread,Least concern
Animalia,Chordata,Actinopterygii,Osteoglossiformes,Mormyridae,Marcusenius,caudisquamatus,Marcusenius caudisquamatus,"Marcusenius caudisquamatus Maake, Gon & Swartz, 2014",,,Freshwater,Native,Micro-endemic level 1,Endangered
Animalia,Chordata,Actinopterygii,Osteoglossiformes,Mormyridae,Marcusenius,cubangoensis,Marcusenius cubangoensis,"Marcusenius cubangoensis Pellegrin, 1936",,Elephantfish,Freshwater,Alien,Widespread,Not evaluated
Animalia,Chordata,Actinopterygii,Osteoglossiformes,Mormyridae,Marcusenius,desertus,Marcusenius desertus,"Marcusenius desertus Kramer, van der Bank & Wink, 2016",,,Freshwater,Alien,Micro-endemic level 2,Not evaluated
Animalia,Chordata,Actinopterygii,Osteoglossiformes,Mormyridae,Marcusenius,krameri,Marcusenius krameri,"Marcusenius krameri Maake, Gon & Swartz, 2014",,,Freshwater,Native,Widespread,Least concern
Animalia,Chordata,Actinopterygii,Osteoglossiformes,Mormyridae,Marcusenius,macrolepidotu,Marcusenius macrolepidotu,"Marcusenius macrolepidotus (Peters, 1852)",,Bulldog,Freshwater,Alien,Widespread,Least concern
Animalia,Chordata,Actinopterygii,Osteoglossiformes,Mormyridae,Marcusenius,multisquamatus,Marcusenius multisquamatus,Marcusenius multisquamatus Kramer and Wink 2013,,,Freshwater,Alien,Micro-endemic level 2,Not evaluated
Animalia,Chordata,Actinopterygii,Osteoglossiformes,Mormyridae,Marcusenius,pongolensis,Marcusenius pongolensis,"Marcusenius pongolensis (Fowler, 1934)",,,Freshwater,Native,Widespread,Least concern
Animalia,Chordata,Actinopterygii,Osteoglossiformes,Mormyridae,Mormyrops,anguilloides,Mormyrops anguilloides,"Mormyrops anguilloides (Linnaeus, 1758)",,Cornish jack,Freshwater,Alien,Widespread,Least concern
Animalia,Chordata,Actinopterygii,Osteoglossiformes,Mormyridae,Mormyrus,lacerda,Mormyrus lacerda,"Mormyrus lacerda Castelnau, 1861",,Western bottlenose,Freshwater,Alien,Widespread,Least concern
Animalia,Chordata,Actinopterygii,Osteoglossiformes,Mormyridae,Mormyrus,longirostris,Mormyrus longirostris,"Mormyrus longirostris Peters, 1852",,Eastern bottelnose,Freshwater,Alien,Widespread,Least concern
Animalia,Chordata,Actinopterygii,Osteoglossiformes,Mormyridae,Paramormyrops,jacksoni,Paramormyrops jacksoni,"Paramormyrops jacksoni (Poll, 1967)",,Ghost stonebasher,Freshwater,Alien,Micro-endemic level 2,Data deficient 
Animalia,Chordata,Actinopterygii,Osteoglossiformes,Mormyridae,Petrocephalus,catostoma,Petrocephalus catostoma,"Petrocephalus catostoma (Günther, 1866)",,Churchill,Freshwater,Alien,Widespread,Least concern
Animalia,Chordata,Actinopterygii,Osteoglossiformes,Mormyridae,Petrocephalus,longianalis,Petrocephalus longianalis,"Petrocephalus longianalis Kramer, Bills, Skelton & Wink, 2012",,,Freshwater,Alien,Micro-endemic level 2,Not evaluated
Animalia,Chordata,Actinopterygii,Osteoglossiformes,Mormyridae,Petrocephalus,longicapitis,Petrocephalus longicapitis,"Petrocephalus longicapitis Kramer, Bills, Skelton & Wink, 2012",,,Freshwater,Alien,Micro-endemic level 2,Not evaluated
Animalia,Chordata,Actinopterygii,Osteoglossiformes,Mormyridae,Petrocephalus,magnitrunci,Petrocephalus magnitrunci,"Petrocephalus magnitrunci Kramer, Bills, Skelton & Wink, 2012",,,Freshwater,Alien,Micro-endemic level 2,Not evaluated
Animalia,Chordata,Actinopterygii,Osteoglossiformes,Mormyridae,Petrocephalus,magnoculis,Petrocephalus magnoculis,"Petrocephalus magnoculis Kramer, Bills, Skelton & Wink, 2012",,,Freshwater,Alien,Micro-endemic level 2,Not evaluated
Animalia,Chordata,Actinopterygii,Osteoglossiformes,Mormyridae,Petrocephalus,okavangoensis,Petrocephalus okavangoensis,"Petrocephalus okavangoensis Kramer, Bills, Skelton & Wink, 2012",,,Freshwater,Alien,Regional endemic level 2,Not evaluated
Animalia,Chordata,Actinopterygii,Osteoglossiformes,Mormyridae,Petrocephalus,petersi,Petrocephalus petersi,"Petrocephalus petersi Kramer, Bills, Skelton & Wink, 2012",,,Freshwater,Alien,Micro-endemic level 1,Not evaluated
Animalia,Chordata,Actinopterygii,Osteoglossiformes,Mormyridae,Petrocephalus,wesselsi,Petrocephalus wesselsi,"Petrocephalus wesselsi (Kramer & van der Bank, 2000)",,Southern churchill,Freshwater,Native,Widespread,Least concern
Animalia,Chordata,Actinopterygii,Osteoglossiformes,Mormyridae,Pollimyrus,castelnaui,Pollimyrus castelnaui,"Pollimyrus castelnaui (Boulenger, 1911)",,Dwarf stonebasher,Freshwater,Alien,Widespread,Least concern
Animalia,Chordata,Actinopterygii,Osteoglossiformes,Mormyridae,Pollimyrus,cuandoensis,Pollimyrus cuandoensis,"Pollimyrus cuandoensis Kramer, van der Bank & Wink, 2013",,,Freshwater,Alien,Regional endemic level 1,Not evaluated
Animalia,Chordata,Actinopterygii,Osteoglossiformes,Mormyridae,Pollimyrus,marianne,Pollimyrus marianne,"Pollimyrus marianne Kramer, van der Bank, Flint, Sauer-Gürth & Wink, 2003",,,Freshwater,Alien,Micro-endemic level 2,Least concern
Animalia,Chordata,Actinopterygii,Perciformes,Ambassidae,Ambassis,ambassis,Ambassis ambassis,"Ambassis ambassis (Lacepède, 1802)",Ambassis productus ,Longspine glassy ,Euryhaline,Native,Widespread,Least concern
Animalia,Chordata,Actinopterygii,Perciformes,Ambassidae,Ambassis,dussumieri,Ambassis dussumieri,"Ambassis dussumieri Cuvier, 1828",,Bald glassy,Euryhaline,Native,Widespread,Least concern
Animalia,Chordata,Actinopterygii,Perciformes,Ambassidae,Ambassis,natalensis,Ambassis natalensis,"Ambassis natalensis Gilchrist & Thompson, 1908",,Slender glassy,Euryhaline,Native,Widespread,Least concern
Animalia,Chordata,Actinopterygii,Perciformes,Anabantidae,Ctenopoma,multispine,Ctenopoma multispine,"Ctenopoma multispine Peters, 1844",,Many-spined climbing perch,Freshwater,Native,Widespread,Least concern
Animalia,Chordata,Actinopterygii,Perciformes,Anabantidae,Microctenopoma,intermedium,Microctenopoma intermedium,"Microctenopoma intermedium (Pellegrin, 1920)",,Blackspot climbing perch,Freshwater,Native,Widespread,Least concern
Animalia,Chordata,Actinopterygii,Perciformes,Anabantidae,Sandelia,bainsii,Sandelia bainsii,"Sandelia bainsii Castelnau, 1861",,Eastern Cape rocky,Freshwater,Native,Widespread,Endangered
Animalia,Chordata,Actinopterygii,Perciformes,Anabantidae,Sandelia,capensis,Sandelia capensis,"Sandelia capensis (Cuvier, 1829)",,Cape kurper,Freshwater,Native,Regional endemic level 1,Data deficient 
Animalia,Chordata,Actinopterygii,Perciformes,Anabantidae,Trichogaster ,trichopterus,Trichogaster  trichopterus,Trichogaster trichopterus,,Gourami ,Freshwater,Alien,Widespread,Least concern
Animalia,Chordata,Actinopterygii,Perciformes,Carangidae,Lichia,amia,Lichia amia,"Lichia amia (Linnaeus, 1758)",,Leerfish,Euryhaline,Alien,Widespread,Least concern
Animalia,Chordata,Actinopterygii,Perciformes,Centrarchidae,Lepomis,macrochirus,Lepomis macrochirus,"Lepomis macrochirus Rafinesque, 1819",,Bluegill sunfish ,Freshwater,Alien,Widespread,Least concern
Animalia,Chordata,Actinopterygii,Perciformes,Centrarchidae,Micropterus,dolomieu,Micropterus dolomieu,"Micropterus dolomieu  Lacepède, 1802",,Smallmouth bass,Freshwater,Alien,Widespread,Least concern
Animalia,Chordata,Actinopterygii,Perciformes,Centrarchidae,Micropterus,punctulatus,Micropterus punctulatus,"Micropterus punctulatus (Rafinesque, 1819)",,Spotted bass,Freshwater,Alien,Widespread,Least concern
Animalia,Chordata,Actinopterygii,Perciformes,Centrarchidae,Micropterus,salmoides,Micropterus salmoides,"Micropterus salmoides (Lacepède, 1802)",,Largemouth bass,Freshwater,Alien,Widespread,Least concern
Animalia,Chordata,Actinopterygii,Perciformes,Cichlidae,Astatotilapia,calliptera,Astatotilapia calliptera,"Astatotilapia calliptera (Günther, 1893)",,Eastern river bream,Freshwater,Alien,Widespread,Least concern
Animalia,Chordata,Actinopterygii,Perciformes,Cichlidae,Chetia,brevicauda,Chetia brevicauda,"Chetia brevicauda Bills and Weyl, 2002",,,Freshwater,Alien,Widespread,Least concern
Animalia,Chordata,Actinopterygii,Perciformes,Cichlidae,Chetia,brevis,Chetia brevis,"Chetia brevis Jubb, 1968",,Orange-fringed largemouth,Freshwater,Native,Widespread,Endangered
Animalia,Chordata,Actinopterygii,Perciformes,Cichlidae,Chetia,flaviventris,Chetia flaviventris,"Chetia flaviventris Trewavas, 1961",,Canary kurper,Freshwater,Native,Widespread,Least concern
Animalia,Chordata,Actinopterygii,Perciformes,Cichlidae,Chetia,gracilis,Chetia gracilis,"Chetia gracilis (Greenwood, 1984)",,Slender river bream,Freshwater,Alien,Widespread,Least concern
Animalia,Chordata,Actinopterygii,Perciformes,Cichlidae,Chetia,welwitschi,Chetia welwitschi,"Chetia welwitschi (Boulenger, 1898)",,Angolan river bream,Freshwater,Alien,Widespread,Data deficient
Animalia,Chordata,Actinopterygii,Perciformes,Cichlidae,Hemichromis,elongatus,Hemichromis elongatus,"Hemichromis elongatus (Guichenot, 1859)",,Banded jewelfish,Freshwater,Alien,Widespread,Least concern
Animalia,Chordata,Actinopterygii,Perciformes,Cichlidae,Oreochromis,andersonii,Oreochromis andersonii,"Oreochromis andersonii (Castelnau, 1861)",,Threespot tilapia,Freshwater,Extralimital,Widespread,Vulnerable
Animalia,Chordata,Actinopterygii,Perciformes,Cichlidae,Oreochromis,aureus,Oreochromis aureus,"Oreochromis aureus (Steindachner, 1864)",,Israeli tilapia ,Freshwater,Alien,Widespread,Not evaluated
Animalia,Chordata,Actinopterygii,Perciformes,Cichlidae,Oreochromis,macrochir,Oreochromis macrochir,"Oreochromis (Nyasalapia) macrochir (Boulenger, 1912)",,Greenhead tilapia,Freshwater,Alien,Widespread,Vulnerable
Animalia,Chordata,Actinopterygii,Perciformes,Cichlidae,Oreochromis,mortimeri,Oreochromis mortimeri,"Oreochromis mortimeri (Trewavas, 1966)",,Kariba tilapia,Freshwater,Alien,Widespread,Critically Endangered
Animalia,Chordata,Actinopterygii,Perciformes,Cichlidae,Oreochromis,mossambicus,Oreochromis mossambicus,"Oreochromis mossambicus (Peters, 1852)",,Mozambique tilapia,Freshwater,Extralimital,Widespread,Near threatened
Animalia,Chordata,Actinopterygii,Perciformes,Cichlidae,Oreochromis,niloticus,Oreochromis niloticus,"Oreochromis niloticus (Linnaeus, 1758)",,Nile tilapia,Freshwater,Alien,Widespread,Not evaluated
Animalia,Chordata,Actinopterygii,Perciformes,Cichlidae,Oreochromis,placidus,Oreochromis placidus,"Oreochromis placidus (Trewavas, 1941)",,Black tilapia,Freshwater,Native,Widespread,Least concern
Animalia,Chordata,Actinopterygii,Perciformes,Cichlidae,Oreochromis,shiranus,Oreochromis shiranus,"Oreochromis shiranus (Boulenger, 1896)",,Shire tilapia,Euryhaline,Alien,Widespread,Least concern
Animalia,Chordata,Actinopterygii,Perciformes,Cichlidae,Orthochromis,machadoi,Orthochromis machadoi,"Orthochromis machadoi (Poll, 1967)",,,Freshwater,Alien,Widespread,Least concern
Animalia,Chordata,Actinopterygii,Perciformes,Cichlidae,Pharyngochromis,acuticeps,Pharyngochromis acuticeps,"Pharyngochromis acuticeps (Steindachner, 1866)",,Zambezi river  bream,Freshwater,Alien,Widespread,Least concern
Animalia,Chordata,Actinopterygii,Perciformes,Cichlidae,Pseudocrenilabrus,philander,Pseudocrenilabrus philander,"Pseudocrenilabrus philander (Weber, 1897)",,Southern mouthbrooder,Freshwater,Native,Widespread,Not evaluated
Animalia,Chordata,Actinopterygii,Perciformes,Cichlidae,Sargochromis,carlottae,Sargochromis carlottae,"Sargochromis carlottae (Boulenger, 1905)",,Rainbow bream,Freshwater,Alien,Widespread,Least concern
Animalia,Chordata,Actinopterygii,Perciformes,Cichlidae,Sargochromis,codringtonii,Sargochromis codringtonii,"Sargochromis codringtonii (Boulenger, 1908)",,Green bream,Freshwater,Alien,Widespread,Least concern
Animalia,Chordata,Actinopterygii,Perciformes,Cichlidae,Sargochromis,coulteri,Sargochromis coulteri,"Sargochromis coulteri (Bell-Cross, 1975)",,Cunene bream,Freshwater,Alien,Widespread,Least concern
Animalia,Chordata,Actinopterygii,Perciformes,Cichlidae,Sargochromis,giardi,Sargochromis giardi,"Sargochromis giardi (Pellegrin, 1903)",,Pink bream,Freshwater,Alien,Widespread,Least concern
Animalia,Chordata,Actinopterygii,Perciformes,Cichlidae,Sargochromis,greenwoodi,Sargochromis greenwoodi,"Sargochromis greenwoodi (Bell-Cross, 1975)",,Greenwood's bream / Deepcheek bream,Freshwater,Alien,Widespread,Least concern
Animalia,Chordata,Actinopterygii,Perciformes,Cichlidae,Sargochromis,mortimeri,Sargochromis mortimeri,"Sargochromis mortimeri (Bell-Cross, 1975)",,Mortimer's bream / Kafue bream,Freshwater,Alien,Regional endemic level 1,Least concern
Animalia,Chordata,Actinopterygii,Perciformes,Cichlidae,Schwetzochromis ,machadoi ,Schwetzochromis  machadoi ,"Schwetzochromis machadoi (Poll, 1967)",,Cunene dwarf bream,Freshwater,Alien,Widespread,Least concern
Animalia,Chordata,Actinopterygii,Perciformes,Cichlidae,Serranochromis,altus,Serranochromis altus,"Serranochromis altus Winemiller & Kelso-Winemiller, 1991",,Humpback largemouth,Freshwater,Alien,Widespread,Least concern
Animalia,Chordata,Actinopterygii,Perciformes,Cichlidae,Serranochromis,angusticeps,Serranochromis angusticeps,"Serranochromis angusticeps (Boulenger, 1907)",,Thinface largemouth,Freshwater,Alien,Widespread,Least concern
Animalia,Chordata,Actinopterygii,Perciformes,Cichlidae,Serranochromis,longimanus,Serranochromis longimanus,"Serranochromis longimanus (Boulenger, 1911)",,Longfin largemouth,Freshwater,Alien,Regional endemic level 1,Least concern
Animalia,Chordata,Actinopterygii,Perciformes,Cichlidae,Serranochromis,macrocephalus,Serranochromis macrocephalus,"Serranochromis macrocephalus (Boulenger, 1899)",,Purpleface largemouth,Freshwater,Alien,Widespread,Least concern
Animalia,Chordata,Actinopterygii,Perciformes,Cichlidae,Serranochromis,meridianus,Serranochromis meridianus,"Serranochromis meridianus Jubb, 1967",,Lowveld largemouth,Freshwater,Native,Widespread,Endangered
Animalia,Chordata,Actinopterygii,Perciformes,Cichlidae,Serranochromis,robustus,Serranochromis robustus,"Serranochromis robustus jallae (Boulenger, 1896)",,Nembwe,Freshwater,Alien,Widespread,Least concern
Animalia,Chordata,Actinopterygii,Perciformes,Cichlidae,Serranochromis,robustus,Serranochromis robustus,"Serranochromis robustus robustus (Günther, 1896)",,Tsungwa,Freshwater,Alien,Widespread,Critically Endangered
Animalia,Chordata,Actinopterygii,Perciformes,Cichlidae,Serranochromis,thumbergi,Serranochromis thumbergi,"Serranochromis thumbergi (Castelnau, 1861)",,Brownspot largemouth,Freshwater,Alien,Widespread,Least concern
Animalia,Chordata,Actinopterygii,Perciformes,Cichlidae,Thoracochromis,albolabris,Thoracochromis albolabris,"Thoracochromis albolabris (Trewavas & Thys van den Audenaerde, 1969)",,Thicklipped river bream,Freshwater,Alien,Widespread,Least concern
Animalia,Chordata,Actinopterygii,Perciformes,Cichlidae,Thoracochromis,buysi,Thoracochromis buysi,"Thoracochromis buysi (Penrith, 1970)",,Namibriver bream,Freshwater,Alien,Widespread,Least concern
Animalia,Chordata,Actinopterygii,Perciformes,Cichlidae,Tilapia,guinasana,Tilapia guinasana,"Tilapia guinasana Trewavas, 1936",,Otjikoto tilapia,Freshwater,Alien,Regional endemic level 1,Critically Endangered
Animalia,Chordata,Actinopterygii,Perciformes,Cichlidae,Tilapia,rendalli,Tilapia rendalli,"Tilapia rendalli (Boulenger, 1896)",,Redbreast tilapia,Freshwater,Native,Widespread,Least concern
Animalia,Chordata,Actinopterygii,Perciformes,Cichlidae,Tilapia,ruwet,Tilapia ruwet,"Tilapia ruweti (Poll & Thys van den Audenaerde, 1965)",,Okavango tilapia,Freshwater,Alien,Widespread,Least concern
Animalia,Chordata,Actinopterygii,Perciformes,Cichlidae,Tilapia,sparrmanii,Tilapia sparrmanii,"Tilapia sparrmanii Smith, 1840",,Banded tilapia,Freshwater,Extralimital,Widespread,Least concern
Animalia,Chordata,Actinopterygii,Perciformes,Clinidae,Clinus ,superciliosus,Clinus  superciliosus,"Clinus superciliosus (Linnaeus, 1758)",,Super klipfish (MS),Euryhaline,Native,Widespread,Least concern
Animalia,Chordata,Actinopterygii,Perciformes,Eleotridae,Batanga ,lebretonis,Batanga  lebretonis,"Batanga lebretonis (Steindachner, 1870)",,Deep sleeper ,Freshwater,Alien,Widespread,Least concern
Animalia,Chordata,Actinopterygii,Perciformes,Eleotridae,Eleotris, vittata,Eleotris  vittata,"Eleotris vittata  Duméril, 1858",,Striped sleeper ,Euryhaline,Alien,Widespread,Least concern
Animalia,Chordata,Actinopterygii,Perciformes,Eleotridae,Eleotris,fusca,Eleotris fusca,"Eleotris fusca (Schneider, 1801)",,Dusky sleeper ,Freshwater,Native,Widespread,Least concern
Animalia,Chordata,Actinopterygii,Perciformes,Eleotridae,Eleotris,melanosoma,Eleotris melanosoma,"Eleotris melanosoma Bleeker, 1852",,Broadhead sleeper ,Freshwater,Native,Widespread,Least concern
Animalia,Chordata,Actinopterygii,Perciformes,Eleotridae,Hypseleotris,dayi,Hypseleotris dayi,"Hypseleotris dayi Smith, 1950",,Golden sleeper,Freshwater,Native,Widespread,Data deficient
Animalia,Chordata,Actinopterygii,Perciformes,Gobiidae,Awaous,aeneofuscus,Awaous aeneofuscus,"Awaous aeneofuscus (Peters, 1852)",,Freshwater goby,Euryhaline,Native,Widespread,Least concern
Animalia,Chordata,Actinopterygii,Perciformes,Gobiidae,Awaous ,lateristriga,Awaous  lateristriga,"Awaous lateristriga (Peters, 1876)",Awaous guineensis,Brown goby ,Freshwater,Alien,Widespread,Not evaluated
Animalia,Chordata,Actinopterygii,Perciformes,Gobiidae,Caffrogobius,gilchristi,Caffrogobius gilchristi,"Caffrogobius gilchristi (Boulenger, 1898)",,Prison goby,Euryhaline,Native,Widespread,Not evaluated
Animalia,Chordata,Actinopterygii,Perciformes,Gobiidae,Croilia,mossambica,Croilia mossambica,"Croilia mossambica Smith, 1955",,Burrowing goby ,Euryhaline,Native,Widespread,Least concern
Animalia,Chordata,Actinopterygii,Perciformes,Gobiidae,Glossogobius,callidus,Glossogobius callidus,"Glossogobius callidus  (Smith, 1937)",,River goby,Freshwater,Native,Widespread,Least concern
Animalia,Chordata,Actinopterygii,Perciformes,Gobiidae,Glossogobius,giuris,Glossogobius giuris,"Glossogobius giuris (Hamilton-Buchanan, 1822)",,Tank goby ,Euryhaline,Native,Widespread,Least concern
Animalia,Chordata,Actinopterygii,Perciformes,Gobiidae,Gobionellus ,lepturus,Gobionellus  lepturus,"Gobionellus lepturus Pfaff, 1933",,Slender goby,Euryhaline,Alien,Widespread,Least concern
Animalia,Chordata,Actinopterygii,Perciformes,Gobiidae,Mugilogobius ,durbanensis,Mugilogobius  durbanensis,"Mugilogobius durbanensis (Barnard, 1927)",,Durban goby,Euryhaline,Native,Regional endemic level 1,Not evaluated
Animalia,Chordata,Actinopterygii,Perciformes,Gobiidae,Nematogobius ,maindroni,Nematogobius  maindroni,"Nematogobiusmaindroni Sauvage, 1880",Nematogobius ansorgii ,Spotfin goby,Euryhaline,Alien,Widespread,Not evaluated
Animalia,Chordata,Actinopterygii,Perciformes,Gobiidae,Pandaka ,silvana,Pandaka  silvana,"Pandaka silvana (Barnard, 1943)",,Dwarf goby ,Freshwater,Native,Widespread,Not evaluated
Animalia,Chordata,Actinopterygii,Perciformes,Gobiidae,Psammogobius,knysnaensis,Psammogobius knysnaensis,"Psammogobius knysnaensis  Smith, 1935",,Knysna sand goby,Euryhaline,Native,Widespread,Not evaluated
Animalia,Chordata,Actinopterygii,Perciformes,Gobiidae,Redigobius,dewaali,Redigobius dewaali,"Redigobius dewaali (Weber, 1897)",,Checked goby,Euryhaline,Native,Widespread,Least concern
Animalia,Chordata,Actinopterygii,Perciformes,Gobiidae,Silhouettea,sibayi,Silhouettea sibayi,"Silhouettea sibayi Farquharson, 1970",,Sibayi goby ,Freshwater,Native,Widespread,Least concern
Animalia,Chordata,Actinopterygii,Perciformes,Gobiidae,Stenogobius ,kenyae ,Stenogobius  kenyae ,Stenogobius kenyae Smith 1959,,Kenyan river goby,Euryhaline,Native,Widespread,Least concern
Animalia,Chordata,Actinopterygii,Perciformes,Kuhliidae,Kuhlia ,rupestris ,Kuhlia  rupestris ,"Kuhlia rupestris (Lacepède, 1801)",,Rock flagtail ,Freshwater,Native,Widespread,Least concern
Animalia,Chordata,Actinopterygii,Perciformes,Lutjanidae,Lutjanus ,argentimaculatus,Lutjanus  argentimaculatus,"Lutjanus argentimaculatus (Forsskål, 1775)",,River snapper ,Euryhaline,Native,Widespread,Least concern
Animalia,Chordata,Actinopterygii,Perciformes,Monodactylidae,Monodactylus,argenteus,Monodactylus argenteus,"Monodactylus argenteus (Linnaeus, 1758)",,Natal moony ,Euryhaline,Native,Widespread,Least concern
Animalia,Chordata,Actinopterygii,Perciformes,Monodactylidae,Monodactylus,falciformis,Monodactylus falciformis,"Monodactylus falciformis  Lacepède, 1801",,Full moony,Euryhaline,Native,Widespread,Least concern
Animalia,Chordata,Actinopterygii,Perciformes,Percidae,Perca,fluviatilis,Perca fluviatilis,"Perca fluviatilis Linnaeus, 1758",,European perch ,Freshwater,Alien,Widespread,Least concern
Animalia,Chordata,Actinopterygii,Perciformes,Sparidae,Acanthopagrus,berda,Acanthopagrus berda,"Acanthopagrus berda (Forsskål, 1775)",,Picnic seabream,Euryhaline,Native,Widespread,Least concern
Animalia,Chordata,Actinopterygii,Perciformes,Sparidae,Lithognathus,Lithognathus,Lithognathus Lithognathus,"Lithognathus lithognathus (Cuvier, 1829)",,White steenbras,Euryhaline,Native,Widespread,Endangered
Animalia,Chordata,Actinopterygii,Perciformes,Sparidae,Sarpa,salpa,Sarpa salpa,"Sarpa salpa (Linnaeus, 1758)",,Karanteen,Euryhaline,Native,Widespread,Least concern
Animalia,Chordata,Actinopterygii,Salmoniformes,Salmonidae,Oncorhynchus,mykiss,Oncorhynchus mykiss,"Oncorhynchus mykiss (Walbaum, 1792)",,Rainbow trout,Freshwater,Alien,Widespread,Not evaluated
Animalia,Chordata,Actinopterygii,Salmoniformes,Salmonidae,Salmo,trutta,Salmo trutta,"Salmo trutta Linnaeus, 1758",,Brown trout,Freshwater,Alien,Widespread,Least concern
Animalia,Chordata,Actinopterygii,Salmoniformes,Salmonidae,Salvelinus,fontinalis,Salvelinus fontinalis,"Salvelinus fontinalis (Mitchill, 1815)",,Brook trout ,Euryhaline,Alien,Widespread,Not evaluated
Animalia,Chordata,Actinopterygii,Scorpaeniformes,Triglidae,Chelidonichthys,kumu,Chelidonichthys kumu,"Chelidonichthys kumu (Cuvier, 1829)",,Bluefin gurnard,Euryhaline,Native,Widespread,Least concern
Animalia,Chordata,Actinopterygii,Siluriformes,Amphiliidae,Amphilius,laticaudatus,Amphilius laticaudatus,"Amphilius laticaudatus Skelton, 1984",,Broadtail mountain catfish,Freshwater,Alien,Regional endemic level 1,Least concern
Animalia,Chordata,Actinopterygii,Siluriformes,Amphiliidae,Amphilius,natalensis,Amphilius natalensis,"Amphilius natalensis Boulenger, 1917",,Natal mountain catfish,Freshwater,Native,Widespread,Least concern
Animalia,Chordata,Actinopterygii,Siluriformes,Amphiliidae,Amphilius,uranoscopus,Amphilius uranoscopus,"Amphilius uranoscopus (Pfeffer, 1889)",,Stargazer mountain catfish,Freshwater,Native,Widespread,Least concern
Animalia,Chordata,Actinopterygii,Siluriformes,Amphiliidae,Leptoglanis,rotundiceps,Leptoglanis rotundiceps,"Leptoglanis rotundiceps (Hilgendorf, 1905)",,Spotted sand catlet,Freshwater,Native,Widespread,Data deficient
Animalia,Chordata,Actinopterygii,Siluriformes,Amphiliidae,Zaireichthys,dorae,Zaireichthys dorae,"Zaireichthys dorae (Poll, 1967)",,Chobe sand catlet,Freshwater,Alien,Widespread,Data deficient
Animalia,Chordata,Actinopterygii,Siluriformes,Amphiliidae,Zaireichthys , kavangoensis,Zaireichthys   kavangoensis,"Zaireichthys kavangoensis Eccles, Tweddle & Skelton, 2011",,,Freshwater,Alien,Micro-endemic level 2,Not evaluated
Animalia,Chordata,Actinopterygii,Siluriformes,Amphiliidae,Zaireichthys ,conspicuus,Zaireichthys  conspicuus,"Zaireichthys conspicuus Eccles, Tweddle & Skelton, 2011",,Blotched sand catlet,Freshwater,Alien,Micro-endemic level 2,Not evaluated
Animalia,Chordata,Actinopterygii,Siluriformes,Amphiliidae,Zaireichthys ,kafuensis,Zaireichthys  kafuensis,"Zaireichthys kafuensis Eccles, Tweddle & Skelton, 2011",,,Freshwater,Alien,Micro-endemic level 2,Not evaluated
Animalia,Chordata,Actinopterygii,Siluriformes,Amphiliidae,Zaireichthys ,kunenensis,Zaireichthys  kunenensis,"Zaireichthys kunenensis Eccles, Tweddle & Skelton, 2011",,,Freshwater,Alien,Micro-endemic level 2,Not evaluated
Animalia,Chordata,Actinopterygii,Siluriformes,Amphiliidae,Zaireichthys ,pallidus,Zaireichthys  pallidus,"Zaireichthys pallidus Eccles Eccles, Tweddle & Skelton, 2011",,Pale sand catlet,Freshwater,Alien,Widespread,Not evaluated
Animalia,Chordata,Actinopterygii,Siluriformes,Amphiliidae,Zaireichthys ,rotundiceps,Zaireichthys  rotundiceps,"Zaireichthys rotundiceps (Hilgendorf, 1905)",,Sand catlet,Freshwater,Native,Widespread,Data deficient
Animalia,Chordata,Actinopterygii,Siluriformes,Austroglanididae,Austroglanis,barnardi,Austroglanis barnardi,"Austroglanis barnardi (Skelton, 1981)",,Barnard's rock catfish,Freshwater,Native,Regional endemic level 1,Endangered
Animalia,Chordata,Actinopterygii,Siluriformes,Austroglanididae,Austroglanis,gilli,Austroglanis gilli,"Austroglanis gilli (Barnard, 1943)",,Clanwilliam rock catfish,Freshwater,Native,Regional endemic level 1,Near threatened
Animalia,Chordata,Actinopterygii,Siluriformes,Austroglanididae,Austroglanis,sclater,Austroglanis sclater,"Austroglanis sclateri (Boulenger, 1901)",,Rock catfish,Freshwater,Native,Widespread,Least concern
Animalia,Chordata,Actinopterygii,Siluriformes,Clariidae,Clariallabes,platyprosopos,Clariallabes platyprosopos,"Clariallabes platyprosopos Jubb, 1964",,Broadhead catfish,Freshwater,Alien,Widespread,Least concern
Animalia,Chordata,Actinopterygii,Siluriformes,Clariidae,Clarias,cavernicola,Clarias cavernicola,"Clarias cavernicola Trewavas, 1936",,Cave catfish,Freshwater,Alien,Regional endemic level 2,Critically Endangered
Animalia,Chordata,Actinopterygii,Siluriformes,Clariidae,Clarias,gariepinus,Clarias gariepinus,"Clarias gariepinus (Burchell, 1822)",,Sharptooth catfish,Freshwater,Extralimital,Widespread,Least concern
Animalia,Chordata,Actinopterygii,Siluriformes,Clariidae,Clarias,liocephalus,Clarias liocephalus,"Clarias liocephalus Boulenger, 1898",,Smoothhead catfish,Freshwater,Alien,Widespread,Least concern
Animalia,Chordata,Actinopterygii,Siluriformes,Clariidae,Clarias,ngamensis,Clarias ngamensis,"Clarias ngamensis Castelnau, 1861",,Blunttooth catfish,Euryhaline,Native,Widespread,Least concern
Animalia,Chordata,Actinopterygii,Siluriformes,Clariidae,Clarias,stappersii,Clarias stappersii,"Clarias stappersii Boulenger, 1915",,Blotched catfish,Freshwater,Alien,Widespread,Least concern
Animalia,Chordata,Actinopterygii,Siluriformes,Clariidae,Clarias,theodorae,Clarias theodorae,"Clarias theodorae Weber, 1897",,Snake catfish,Freshwater,Native,Widespread,Least concern
Animalia,Chordata,Actinopterygii,Siluriformes,Clariidae,Heterobranchus,longifilis,Heterobranchus longifilis,"Heterobranchus longifilis Valenciennes, 1840",,Vundu,Freshwater,Alien,Widespread,Least concern
Animalia,Chordata,Actinopterygii,Siluriformes,Claroteidae,Amarginops,hildae,Amarginops hildae,"Amarginops hildae (Bell-Cross, 1973)",,Hilda's grunter / Buzi grunter,Freshwater,Alien,Regional endemic level 1,Data deficient
Animalia,Chordata,Actinopterygii,Siluriformes,Claroteidae,Parauchenoglanis,ngamensis,Parauchenoglanis ngamensis,"Parauchenoglanis ngamensis (Boulenger, 1911)",,Zambezi grunter,Freshwater,Alien,Widespread,Least concern
Animalia,Chordata,Actinopterygii,Siluriformes,Malapteruridae,Malapterurus,electricus,Malapterurus electricus,"Malapterurus electricus (Gmelin, 1789)",, Electric catfish,Freshwater,Alien,Widespread,Least concern
Animalia,Chordata,Actinopterygii,Siluriformes,Malapteruridae,Malapterurus,shirensis,Malapterurus shirensis,"Malapterurus shirensis Roberts, 2000",, Zambezi electric catfish,Freshwater,Alien,Micro-endemic level 2,Least concern
Animalia,Chordata,Actinopterygii,Siluriformes,Mochokidae,Chiloglanis,anoterus,Chiloglanis anoterus,"Chiloglanis anoterus Crass, 1960",,Pennant-tail suckermouth / Rock catlet,Freshwater,Native,Widespread,Least concern
Animalia,Chordata,Actinopterygii,Siluriformes,Mochokidae,Chiloglanis,bifurcus,Chiloglanis bifurcus,"Chiloglanis bifurcus Jubb & le Roux, 1969",,Incomati suckermouth / Rock catlet,Freshwater,Native,Micro-endemic level 1,Critically endangered
Animalia,Chordata,Actinopterygii,Siluriformes,Mochokidae,Chiloglanis,emarginatus,Chiloglanis emarginatus,"Chiloglanis emarginatus Jubb & le Roux, 1969",,Pongolo suckermouth / Rock catlet,Freshwater,Native,Widespread,Vulnerable
Animalia,Chordata,Actinopterygii,Siluriformes,Mochokidae,Chiloglanis,fasciatus,Chiloglanis fasciatus,"Chiloglanis fasciatus Pellegrin, 1936",,Okavango suckermouth / Rock catlet,Freshwater,Alien,Widespread,Least concern
Animalia,Chordata,Actinopterygii,Siluriformes,Mochokidae,Chiloglanis,neumanni,Chiloglanis neumanni,"Chiloglanis neumanni Boulenger, 1911",,Neumann's suckermouth / Rock catlet,Freshwater,Alien,Regional endemic level 1,Data deficient 
Animalia,Chordata,Actinopterygii,Siluriformes,Mochokidae,Chiloglanis,paratus,Chiloglanis paratus,"Chiloglanis paratus Crass, 1960",,Sawfin suckermouth / Rock catlet,Freshwater,Native,Widespread,Least concern
Animalia,Chordata,Actinopterygii,Siluriformes,Mochokidae,Chiloglanis,pretoriae,Chiloglanis pretoriae,"Chiloglanis pretoriae van der Horst, 1931",,Shortspine suckermouth / Rock catlet,Freshwater,Native,Regional endemic level 2,Least concern
Animalia,Chordata,Actinopterygii,Siluriformes,Mochokidae,Chiloglanis,swierstrai,Chiloglanis swierstrai,"Chiloglanis swierstrai van der Horst, 1931",,Lowveld suckermouth / Rock catlet,Freshwater,Native,Widespread,Least concern
Animalia,Chordata,Actinopterygii,Siluriformes,Mochokidae,Synodontis,leopardinus,Synodontis leopardinus,"Synodontis leopardinus Pellegrin, 1914",,Leopard squeaker,Freshwater,Alien,Widespread,Least concern
Animalia,Chordata,Actinopterygii,Siluriformes,Mochokidae,Synodontis,macrostigma,Synodontis macrostigma,"Synodontis macrostigma Boulenger, 1911",,Large-spot squeaker,Freshwater,Alien,Widespread,Least concern
Animalia,Chordata,Actinopterygii,Siluriformes,Mochokidae,Synodontis,macrostoma,Synodontis macrostoma,"Synodontis macrostoma Skelton & White, 1990",,Largemouth squeaker,Freshwater,Alien,Widespread,Least concern
Animalia,Chordata,Actinopterygii,Siluriformes,Mochokidae,Synodontis,nebulosus,Synodontis nebulosus,"Synodontis nebulosus Peters, 1852",,Cloudy squeaker,Freshwater,Alien,Regional endemic level 2,Least concern
Animalia,Chordata,Actinopterygii,Siluriformes,Mochokidae,Synodontis,nigromaculatus,Synodontis nigromaculatus,"Synodontis nigromaculatus Boulenger, 1905",,Spotted squeaker,Freshwater,Alien,Widespread,Least concern
Animalia,Chordata,Actinopterygii,Siluriformes,Mochokidae,Synodontis,thamalakanensis,Synodontis thamalakanensis,"Synodontis thamalakanensis Fowler, 1935",,Bubblebarb squeaker,Freshwater,Alien,Regional endemic level 1,Least concern
Animalia,Chordata,Actinopterygii,Siluriformes,Mochokidae,Synodontis,vanderwaali,Synodontis vanderwaali,"Synodontis vanderwaali Skelton & White, 1990",,Finetooth squeaker,Freshwater,Alien,Regional endemic level 1,Least concern
Animalia,Chordata,Actinopterygii,Siluriformes,Mochokidae,Synodontis,woosnami,Synodontis woosnami,"Synodontis woosnami Boulenger, 1911",,Upper Zambezi squeaker,Freshwater,Alien,Regional endemic level 1,Least concern
Animalia,Chordata,Actinopterygii,Siluriformes,Mochokidae,Synodontis,zambezensis,Synodontis zambezensis,"Synodontis zambezensis Peters, 1852",,Brown squeaker,Freshwater,Native,Widespread,Least concern
Animalia,Chordata,Actinopterygii,Siluriformes,Schilbeidae,Schilbe,intermedius,Schilbe intermedius,"Schilbe intermedius Rüppell, 1832",,Butter catfish,Freshwater,Native,Widespread,Least concern
Animalia,Chordata,Actinopterygii,Siluriformes,Schilbeidae,Schilbe,yangambianus,Schilbe yangambianus,"Schilbe yangambianus (Poll, 1954)",,Yangambi buttercatfish,Freshwater,Alien,Widespread,Least concern
Animalia,Chordata,Actinopterygii,Sygnathiformes,Syngnathidae,Microphis,brachyurus,Microphis brachyurus,"Microphis brachyurus Bleeker, 1853",,Opossum pipefish ,Euryhaline,Native,Widespread,Least concern
Animalia,Chordata,Actinopterygii,Sygnathiformes,Syngnathidae,Microphis,fluviatilis,Microphis fluviatilis,"Microphis fluviatilis (Peters, 1852)",,freshwater pipefish ,Freshwater,Native,Widespread,Data deficient
Animalia,Chordata,Actinopterygii,Synbranchiformes,Mastacembelidae,Caecomastacembelus,frenatus,Caecomastacembelus frenatus,"Mastacembelus frenatus (Boulenger, 1901)",,Longtail spinyeel,Freshwater,Alien,Widespread,Least concern
Animalia,Chordata,Actinopterygii,Synbranchiformes,Mastacembelidae,Caecomastacembelus,shiranus,Caecomastacembelus shiranus,"Mastacembelus shiranus (Günther, 1896)",,Malawi spinyeel,Freshwater,Alien,Widespread,Least concern
Animalia,Chordata,Actinopterygii,Synbranchiformes,Mastacembelidae,Caecomastacembelus,vanderwaali,Caecomastacembelus vanderwaali,"Mastacembelus vanderwaali (Skelton, 1976)",,Ocellate spinyeel,Freshwater,Alien,Micro-endemic level 2,Least concern
Animalia,Chordata,Chondrichthyes,Carcharhiniformes,Carcharhinidae,Carcharhinus,leucas,Carcharhinus leucas,"Carcharhinus leucas (Valenciennes, 1839)",,Bull shark ,Euryhaline,Native,Widespread,Near threatened
Animalia,Chordata,Chondrichthyes,Rhinopristiformes,Pristidae,Pristis,microdon,Pristis microdon,"Pristis microdon Latham, 1794",,smalltooth sawfish ,Euryhaline,Native,Widespread,Critically endangered
Animalia,Chordata,Sacropterygii,Lepidosireniformes,Protopteridae,Protopterus,amphibius,Protopterus amphibius,"Protopterus amphibius (Peters, 1844)",,East coast lungfish,Freshwater,Alien,Widespread,Least concern
Animalia,Chordata,Sacropterygii,Lepidosireniformes,Protopteridae,Protopterus,annectens,Protopterus annectens,"Protopterus annectens brieni Poll, 1961",,African lungfish,Freshwater,Extralimital,Widespread,Least concern
